pdb,afpdb_lib,biopython_lib,afpdb_io,biopython_io,afpdb_int,biopython_int,afpdb_align,biopython_align,afpdb_rmsd,biopython_rmsd,afpdb_b_factor,biopython_b_factor
6AOD_1.pdb,150.2,42.02,12.84,9.594,20.49,65.76,28.37,45.81,25.8,44.13,18.49,39.41
3JBQ_1.pdb,150.4,41.61,15.55,11.82,21.64,66.46,31.23,51.19,29.91,46.74,20.93,41.3
6FY3_1.pdb,150.1,41.75,7.09,5.41,18.99,65.57,25.47,41.53,20.93,39.78,16.82,35.66
6E4X_1.pdb,150.2,41.71,14.43,10.68,20.74,66.02,29.97,49.62,28.63,45.05,22.56,40.42
4EDW_1.pdb,149.9,41.92,9.234,6.957,18.76,65.61,28.39,42.99,19.89,36.75,17.19,36.12
2UZI_1.pdb,150.6,41.45,10.57,7.988,18.24,65.99,27.73,44.3,18.5,37.56,18.53,37.4
3H0T_1.pdb,150.1,41.95,6.828,5.152,19.26,64.82,22.77,41.5,21.52,36.05,18.3,32.45
3UBX_1.pdb,150.3,41.88,14.34,10.58,23.19,65.82,29.27,47.27,27.75,44.61,21.5,39.19
5TLK_1.pdb,150.4,41.75,8.43,6.5,20.7,65.58,24.53,45.72,22.8,36.19,17.42,36.54
6CSE_1.pdb,151.5,41.45,17.71,12.99,21.54,66.3,34.09,49.6,30.1,48.29,18.48,38.41
2VIT_1.pdb,150.6,41.89,14.12,10.24,20.43,65.7,32.08,44.86,24.88,38.82,23.53,40.18
3SOB_1.pdb,149.9,41.76,15.37,11.25,23.28,66.3,33.47,47.82,21.16,44.95,21.02,41.03
1EO8_1.pdb,150.5,41.82,15.37,11.31,20.73,66.01,29.76,47.71,28.01,44.52,18.76,40.83
1FDL_1.pdb,150.2,41.81,9.602,7.473,19.32,65.23,27,46.65,21.13,42.33,18.28,35.76
1FBI_1.pdb,150.1,42.05,9.898,7.531,20.25,65.14,25.2,46.52,22.08,41.38,17.6,35.2
6MHR_1.pdb,150.6,42.01,9.957,7.473,18.14,65.44,24.57,41.61,22.71,42.16,17.96,36.97
6C6Y_1.pdb,150.2,41.99,12.16,9.02,19.41,66.12,29.51,45.25,23.89,43.63,21.28,39.45
1NCA_1.pdb,150.2,41.89,16.11,12.93,23.15,66.06,33.89,49.37,31.14,46.73,17.97,41.05
5ANM_3.pdb,149.4,41.84,12.27,9.277,21.96,67.2,30.62,45.13,25.41,43.91,22.61,39.39
4IJ3_1.pdb,152.2,41.73,12.96,9.594,17.14,66.36,28.96,46.13,23.91,44.5,19.98,39.84
5VPL_1.pdb,149.5,42.1,12.91,9.535,21.8,67.7,29.05,45.72,25.29,43.88,22.88,39.02
6A67_1.pdb,150,41.75,12.2,9.336,21.45,66.09,27.73,41.89,21.2,43.84,21.73,34.55
4N9G_1.pdb,150,41.69,7.352,5.41,17.42,65.77,22.41,42.02,17.66,37.12,17.35,36.7
4XGZ_1.pdb,150.6,41.94,6.383,4.895,17.11,65.67,21.84,41.63,20.48,36.21,16.41,35.24
5E8D_1.pdb,150.6,41.7,7.391,5.668,19.15,62.86,22.64,41.74,17.99,36.98,17.08,35.56
4F3F_1.pdb,149.7,41.86,7.621,5.984,19.93,65.29,26.14,42.02,22.55,40.54,17.87,36.73
2OZ4_1.pdb,150.7,41.72,13.52,10.11,20.18,66.09,31.05,46.37,25.1,44.84,21.76,40.04
3A6B_1.pdb,150.7,42.17,9.738,7.215,18.1,63.39,29.94,43.08,22.26,39.85,17.78,36.26
5FHC_2.pdb,150.4,41.93,8.949,6.758,19.1,65.44,22.49,41.78,22.91,41.4,17.86,38.36
5IQ9_1.pdb,150.8,41.8,7.238,5.41,17.27,65.46,21.81,41.68,21.29,40.36,16.71,36.27
2XWT_1.pdb,151.2,41.96,12.86,9.535,22.86,65.57,27.51,48.87,21.16,37.91,18.92,34.13
4FQY_1.pdb,150.9,41.97,11.2,8.504,22.68,63.56,26.43,47.33,24.91,37.64,19.98,36.28
3GBM_2.pdb,151.4,41.88,10.95,8.305,19.13,65.72,26.13,44.33,24.19,37.09,19.9,36.32
4KI5_1.pdb,151.5,41.95,10.52,8.047,19.38,63.82,25.48,46.66,22.58,42.41,17.42,36.32
2DQF_1.pdb,151.5,41.9,9.512,7.215,18.43,65.36,22.5,46.16,22.16,36.94,18.91,36.43
1ADQ_1.pdb,151.2,42.1,12.2,9.336,21.31,66.2,26.23,48.08,24.55,43.62,17.48,37.09
1MHP_1.pdb,151.2,41.82,11.49,8.562,20.68,65.88,26.18,44.16,21.56,38.72,19.89,39.21
6DDM_1.pdb,151.4,41.83,8.574,6.441,18.13,63.06,23.64,45.79,22.18,39.11,18.08,35.22
4ZFO_1.pdb,151.4,41.89,7.102,5.41,16.99,65.85,21.96,41.86,18.33,38.82,16.48,32.86
6MV5_1.pdb,151.4,41.91,6.914,5.211,17.72,61.54,23.56,41.53,19.85,40.02,17.02,36.62
6R2S_1.pdb,151.2,42.11,15.27,11.29,19.37,65.28,29.61,49.62,28.91,45.96,21.03,36.81
4IDJ_1.pdb,151.6,42.18,14.47,10.72,22.8,65.35,29.06,44.16,21.61,39.42,21.81,36.42
2LTQ_2.pdb,151.1,42.08,10.55,8.047,22.1,65.64,25.13,44,24.08,38.22,19.76,36.29
6BZY_1.pdb,151,42.11,6.609,4.895,20.83,62.37,21.84,44.02,20.61,39.67,15.93,35.92
6IAP_2.pdb,150.8,41.64,11.54,8.762,19.46,65.59,25.62,45.22,19.49,37.48,18.47,37.1
5VOB_1.pdb,151.3,41.92,11.23,8.504,18.05,65.98,23.62,44.54,19.71,37.86,20.5,36.64
5O4G_1.pdb,151.3,42.06,21.27,15.65,20.4,66.49,35.67,52,24.56,49.76,24.47,36.99
5VIC_1.pdb,151.4,41.84,8.578,6.441,18.83,65.72,25.96,43.02,18.57,36.84,16.34,36.07
3W9E_1.pdb,151.3,41.86,12.85,9.594,19.36,66.03,27.8,45.95,26.34,44.51,17.62,36.45
5T5B_1.pdb,151.4,41.84,10.89,7.988,17.23,65.47,25.49,44.62,22.48,42.96,19.37,36.6
5UQY_1.pdb,150.3,41.88,10.26,7.73,19.18,64.13,26.29,47.12,23.03,42.46,18.75,35.14
6O3A_1.pdb,150.4,41.84,9.496,7.273,20.47,65.45,24.02,45.59,24.02,42.04,17.73,36.62
3O41_1.pdb,150.1,41.93,6.574,5.152,18.68,62.31,24.94,44.06,16.85,36.43,17.68,31.7
3U9P_1.pdb,149.9,41.75,10.54,7.988,20.73,65.27,25.24,47.25,22.09,42.52,20.69,36.7
6B70_1.pdb,150.4,41.93,21.63,24.91,32.17,74.2,40.66,60.98,40.89,58.16,30.86,38.49
4M5Z_1.pdb,151.4,41.62,12.5,9.336,19.84,65.64,25.37,49.02,19.21,44.27,16.87,39.81
1YJD_1.pdb,149.7,41.94,9.488,7.273,19.25,65.98,26.08,46.3,22.25,39.13,18.72,33.41
3GI9_1.pdb,151.5,42.02,18.75,13.99,22.95,68.84,33.44,53.18,31.88,48.57,20.08,36.02
2H9G_1.pdb,151,42.07,7.891,5.926,17.63,65.39,24.48,44.28,17.47,36.52,18.12,32.53
4TSB_1.pdb,150.9,42.16,9.758,7.273,19.08,65.54,24.82,46.12,23.41,37.63,17.57,32.79
5VCN_1.pdb,151.5,41.84,12.55,9.336,18.95,66.41,25.75,44.93,25.59,36.97,17.17,39.21
3PP4_1.pdb,150.4,42.08,7.121,5.41,19.86,61.33,22.82,44.36,20.69,36.02,18.05,36.31
5W9I_1.pdb,151.4,41.81,19.12,14.46,19,70.72,33.55,53.75,32.92,48.74,21.4,39.64
2OSL_1.pdb,150.1,42,6.574,5.211,18.35,61.4,22.58,43.93,21.03,36.53,18.72,35.6
5Y2L_1.pdb,151.6,41.79,11.22,8.504,19.79,65.41,28.67,47.64,20.06,43.14,17.05,36.37
3ZKM_1.pdb,153.7,41.5,16.82,12.42,17.47,70.06,29.06,52.03,18.37,47.44,15.47,37.54
2DQE_1.pdb,151.4,42,9.469,7.215,18.86,65.57,27.25,46.06,21.1,36.59,18.53,36.66
4ZTO_1.pdb,150.7,41.98,6.594,4.895,19.13,62.45,24.71,44.19,18.04,36.93,17.64,35.65
1ORQ_1.pdb,150.1,41.63,12.52,9.277,23.3,65.69,29.12,45.55,21.31,43.21,21.8,36.5
6B0H_1.pdb,151.4,41.95,10.6,7.988,19.56,65.76,25.1,43.91,19.39,36.52,17,33.28
5TL5_1.pdb,151.2,42.1,9.055,6.758,19.34,65.28,26.51,45.73,20.88,36.61,16.94,36.37
2AEP_1.pdb,151.3,41.94,17.13,12.93,19.95,68.15,31.87,44.8,30.27,47.61,21.41,36.73
1KEN_1.pdb,151.5,41.93,15.4,11.41,21.53,66.14,31.45,47.77,21.21,46.27,18.04,36.66
5K59_1.pdb,151,41.82,14.81,11.13,20.44,65.83,29.85,50.41,22.43,40.19,19.26,36.67
3GBN_1.pdb,151.4,41.98,11.26,8.562,20.05,65.3,26.12,47.51,19.93,36.94,19.97,35.34
4XH2_3.pdb,151.4,42.02,6.367,4.895,17.63,60.66,21.55,43.91,18.29,36.63,16.47,33.45
4UV7_1.pdb,151.5,41.89,23.09,17.21,20.53,67.09,37.74,56.67,36.3,51.96,23.77,43.15
1P4B_1.pdb,151.1,42.02,6.305,4.637,17.33,62.97,21.62,42.49,17.33,34.39,16.59,36.26
1OSP_1.pdb,151.2,41.73,13.19,9.793,19.11,65.86,28.03,46.38,21.68,41.66,17.3,35.73
4HG4_2.pdb,151.2,42.07,15.29,11.63,19.12,65.59,30.36,47.67,25.47,40.82,21.18,35.91
4G6A_1.pdb,151.4,41.98,6.574,5.152,18.55,62.87,21.21,40.72,19.88,37.36,16.74,36.59
4XH2_1.pdb,151.2,42,6.312,4.895,17.32,65.33,21.35,40.79,19.27,34.03,17.43,36.33
5NGV_1.pdb,151.3,42.13,8.848,6.699,19.28,63.45,23.45,43.6,22.22,39.73,16.71,32.52
1RVF_1.pdb,150.7,41.88,14.12,10.62,19.17,65.84,29.41,49.79,27.59,39.79,21.39,34.21
2DQG_1.pdb,150.4,42.14,9.488,7.215,19.02,65.15,24.55,45.86,23.22,36.21,17.79,35.4
1IC4_1.pdb,151.6,41.32,9.762,7.215,17.94,64.11,23.66,43.77,23.23,36.99,16.78,36.33
4D9Q_1.pdb,151.3,41.36,12.24,9.277,18.8,65.94,26.81,46.09,20.88,42.95,17.13,37
3MXW_1.pdb,151.2,42.02,10.57,7.988,18.32,63.34,25.52,44.32,24.07,40.73,21.19,35.67
2DD8_1.pdb,151.5,41.95,11.55,8.762,19.82,65.64,25.3,47.52,19.88,36.25,17.7,38.7
4K24_1.pdb,151.2,41.95,13.87,10.55,24.01,65.77,29,46.54,24,44.6,19.53,35.66
1J1P_1.pdb,151.9,41.88,9.543,7.273,18.86,66.07,23.94,46.48,18.61,36.23,15.91,33.6
3VI3_1.pdb,151.4,41.93,18.63,13.89,20.11,68.89,33.26,49.96,30.88,48.65,21.7,35.31
1N64_1.pdb,151.6,41.81,6.883,5.211,16.26,64.4,24.15,44.54,19.64,39.68,16.27,37.13
5ZV3_1.pdb,151.6,41.88,6.863,5.211,17.66,62.25,21.45,41.51,16.74,35.89,16.93,35.85
4BZ2_1.pdb,151.3,41.92,9.328,7.016,20.43,67.13,23.7,46.04,18.79,36.9,16.07,35.82
5VAG_1.pdb,151.1,41.94,12.17,9.078,21.81,68.21,27.22,48.23,25.7,43.84,17.67,39.36
5KVF_1.pdb,151.1,41.88,9.242,7.016,19.15,65.77,27.22,46.36,20.59,41.07,16.86,35.79
4HPO_1.pdb,151.6,42.07,7.09,5.41,17.6,65.3,21.23,41.28,17.6,39.39,16.49,35.79
6H3U_1.pdb,151.3,41.84,13.48,10.11,21.52,65.55,28.24,45.91,26.47,45.04,17.03,34.57
4JZO_1.pdb,152.2,41.57,6.309,4.641,16.72,65.2,19.9,44.14,16.45,34.89,15.07,34.62
5U3O_1.pdb,153.5,41.91,7.363,5.727,17.88,63.22,19.72,44.4,15.18,36.2,15.15,34.16
5GGR_1.pdb,151.3,42.02,9.312,6.957,18.45,65.89,23.73,42.87,18.48,40.55,16.91,35.65
2LTQ_1.pdb,151.1,41.94,10.59,7.988,19.08,65.52,25.56,47.07,24.71,36.87,17.17,33.77
5DUR_1.pdb,151.7,41.92,12.21,9.277,20.81,64.45,26.79,48.26,22.02,39.15,19.64,36.09
2JEL_1.pdb,151.4,42.06,8.578,6.441,17.51,63.65,23.38,45.51,21.76,36.46,18.56,34.16
5USL_2.pdb,151.5,41.63,12.84,9.594,18.75,65.49,25.95,49.11,26.52,40.62,19.7,36.23
5KW9_1.pdb,151.6,42.02,14.52,10.74,23.5,65.16,29.34,46.88,27.29,42.1,21.55,36.43
4HC1_1.pdb,151.2,41.8,11.56,8.762,19.88,65.78,26.37,44.59,27.01,43.47,17.67,39.37
1BJ1_1.pdb,151.3,41.78,9.191,7.016,18.86,65.7,23.68,43.32,22.07,41.54,16.89,38.77
6B3M_1.pdb,150.9,42,11.22,8.504,20.3,64.9,26.8,44.46,25.45,42.92,17.74,38.98
1UJ3_1.pdb,151.3,41.87,12.17,9.02,21.52,68.25,26.96,45.57,20.29,43.94,19.76,36.35
5W3M_1.pdb,153.6,41.73,12.53,9.336,19.32,66.93,25.27,48.34,25.37,43.63,18.4,35.86
4LU5_1.pdb,151.3,42.1,8.586,6.5,18.79,65.09,23.42,42.39,22.08,40.8,17.57,35.62
3GRW_1.pdb,151.3,42.16,12.22,9.336,20.31,67.7,26.84,45.11,20.47,40.42,17.27,35.66
2QR0_1.pdb,151.5,41.88,8.945,6.758,17.97,65.38,23.34,45.68,18.11,41.74,18.33,33.07
4KXZ_1.pdb,150.8,41.94,9.586,7.016,19.21,62.41,25.89,43,23.44,41.56,19.15,33.95
4RGN_2.pdb,151.4,41.93,12.84,9.793,19.26,65.68,28.75,45.46,20.98,39.8,17.45,35.23
2NR6_1.pdb,151.1,41.56,15.29,11.36,22.68,66.2,29.98,51.11,29.21,44.24,17.16,35.73
1G7J_1.pdb,151.2,41.95,9.547,7.215,21.48,65.53,27.07,43.23,18.53,41.7,19.18,35.85
6B0E_1.pdb,151.7,41.61,10.63,7.988,19.38,64.83,24.84,47.13,18.54,43.06,17.24,33.46
2BDN_1.pdb,151.8,41.64,8.148,6.242,18.67,65.56,22.61,42.46,17.43,40.86,17.5,36.27
6E56_1.pdb,151.5,41.95,14.19,10.7,23.34,66.75,28.69,47.02,27.3,45.32,17.45,36.91
4JQI_1.pdb,151.2,41.95,16.21,12.01,21.23,68,31.1,46.77,29.42,46.22,19.72,36.23
1TZH_1.pdb,151.2,42.06,8.762,6.758,19.12,65.64,24.28,45.86,21.68,35.73,18.76,32.96
6JMR_2.pdb,153.5,42.01,18.33,13.53,18.14,68.22,30.88,52.78,29.98,48.08,19.34,36.77
3WKM_1.pdb,151.4,41.95,11.51,8.562,20.33,65.85,26.62,44.58,20.86,36.25,19.55,33.68
6FLB_1.pdb,151.5,41.94,8.945,6.699,18.23,65.27,23.66,46.11,21.96,41.45,16.88,36.49
2B2X_1.pdb,151.6,41.96,11.52,8.82,19.7,66.2,25.72,44.87,23.36,37.01,19.07,33.55
5EOC_1.pdb,151,42.1,6.578,5.211,17.22,65.66,23.8,43.88,20.14,34.46,17.3,33.59
4YQX_1.pdb,151.6,41.92,9.965,7.531,17.76,65.88,24.38,43.74,22.34,42.43,19.07,35.73
5WTH_1.pdb,151.2,41.95,12.61,9.277,18.52,65.66,27.36,45.47,25.9,43.84,20.74,37.91
5W6G_1.pdb,151.3,42.07,15.67,11.81,22.14,64.79,30.38,50.58,23.7,46.2,17.86,37.04
5CIL_1.pdb,151.5,41.97,6.598,5.211,18,62.97,20.72,41.31,17.04,33.74,16.01,34.42
4CAD_1.pdb,151.4,41.95,13.6,10.37,19.1,65.64,28.2,46.31,26.63,44.67,17.02,34.44
5W06_1.pdb,150.7,41.89,12.24,9.336,20.36,68.35,27.65,48.55,25.84,43.93,18.25,36.18
5DUM_1.pdb,151.6,41.79,12.18,9.16,21.31,66.08,25.09,45.64,22,42.7,20.07,36.08
3I50_1.pdb,151.5,41.71,13.91,10.31,21.47,69.29,28.59,46.2,23.54,45.06,17.66,34.51
4Q6I_1.pdb,150.1,42.01,11.54,8.82,20.49,65.32,26.5,44.86,25.83,42.54,21.09,33.66
4NRX_2.pdb,150.3,42.08,6.855,5.152,21.5,65.28,22.38,41.24,21.29,39.79,17.62,33.66
5F3B_1.pdb,151.4,41.86,9.25,6.957,18.41,65.61,23.74,46.21,22.28,36.34,18.72,33.04
4WV1_1.pdb,150.4,41.87,9.234,6.957,20.7,65.43,25.27,46.09,20.09,36.56,19.52,34.91
4GLR_1.pdb,151.9,41.83,6.371,4.637,16.37,65.75,23.07,43.65,18.94,35.73,15.68,32.7
6D6U_1.pdb,151.5,42.07,15.86,11.87,18.34,65.38,30.79,51.06,20.61,45.14,16.84,38.6
5VJQ_1.pdb,150.4,41.93,9.488,7.273,21.1,65.06,25.23,43.66,23.01,36.91,17.93,33.2
4MHJ_1.pdb,151.7,41.63,15.56,11.74,19.2,66.18,29.97,51.01,21.99,46.29,16.66,40.96
4QCI_1.pdb,151.1,41.71,8.855,6.758,18.66,63.59,23.7,41.96,18.43,36.95,19.14,36.52
4JPK_1.pdb,151.1,42.11,10.88,8.305,19.54,65.21,24.98,44.21,24.39,42.59,19.75,36.28
1EGJ_1.pdb,150.8,41.94,9.293,6.957,19.16,65.02,24.34,46.06,22.84,41.68,19.23,36.5
3MJ9_1.pdb,151.2,41.86,12.82,9.535,20.78,65.37,28.09,45.45,20.09,44.29,20.89,36.46
5O14_1.pdb,151.3,41.81,12.57,9.594,20.88,68.01,27.21,48.44,24.97,44.57,20.85,33.4
3U0T_1.pdb,151.5,41.95,6.598,4.895,17.38,63.3,21.16,41.65,16.4,39.67,15.42,34.51
6HF1_1.pdb,151.3,41.83,12.87,9.594,22.46,66.14,27.47,45.33,26.64,40.37,17.64,39.62
1NMC_1.pdb,151.4,41.75,17.43,13.02,19.21,67.88,31.94,52.41,31.27,46.82,21.92,41.5
5UTZ_1.pdb,151.2,42.02,9.887,7.531,19.66,65.66,24.75,43.43,23.52,42.43,18.39,36.11
5B71_1.pdb,151.4,41.57,8.684,6.699,20.28,65.85,23.39,43.16,19.05,41.65,17.16,37.04
3BSZ_1.pdb,151.7,41.99,11.23,8.504,19.75,66.68,25.83,44.71,19.84,43.33,19.73,39
3D9A_1.pdb,151.8,41.99,9.805,7.273,19.79,65.88,25.88,41.58,21.18,41.98,18.45,36.2
2I9L_1.pdb,151.2,42,11.2,8.305,20.43,63.67,26.34,43.89,24.68,36.46,19.65,36.21
5U3N_1.pdb,151.2,41.88,7.391,5.668,18.67,65.31,21.51,41.94,20.88,36.86,18.14,36.12
6H5N_1.pdb,151.9,42.01,9.898,7.473,18.01,65.41,24.46,43.52,20.74,42.14,18.48,36.1
5L6Y_1.pdb,151,42.1,8.68,6.699,18.37,63.37,23.44,42.04,18.98,41.09,16.89,32.88
5JHL_1.pdb,151.4,41.86,16.56,12.5,23.23,67.48,31.84,48.85,26.29,44.93,17.08,36.94
4O9H_1.pdb,151.2,42,10.29,7.789,18.51,64.7,25.19,44,22.05,36.84,17.06,36.51
3B2U_1.pdb,151.8,41.99,11.56,8.562,18.57,65.54,25.58,45.11,24.59,42.82,19.6,36.08
5TLJ_3.pdb,151.5,42.06,8.414,6.184,17.88,65.2,22.9,45.4,21.14,34.61,16.75,35.74
4LQF_1.pdb,151.3,42.14,8.551,6.441,19.31,65.8,23.34,41.93,17.89,36.61,16.54,35.15
4M1D_1.pdb,150,41.62,7.145,5.156,20.99,64.61,22.58,45.05,21.45,34.68,17.9,35.7
6FGB_1.pdb,151.8,41.89,13.64,10.3,19.14,65.83,27.75,49.23,21.09,43.09,20.64,37.96
5GGS_1.pdb,151.4,41.28,9.645,7.215,18.73,66.51,24.14,44.17,20.01,42.23,18.96,34.33
5BJZ_1.pdb,151.3,41.89,16.8,12.42,22.54,66.06,31.45,48.75,28.81,47.04,17.97,38.8
5C0S_1.pdb,151.4,42.02,13.18,9.793,18.84,65.5,27.91,48.99,25.82,42.1,20.52,39.66
1UWX_1.pdb,151.3,41.79,6.852,5.211,17.95,65.24,21.7,41.39,16.3,39.76,16.57,37.33
4QNP_1.pdb,151.5,41.94,17.13,12.84,23.5,70.17,32.17,52.08,27.37,47.64,18.09,37.98
1NFD_1.pdb,151.7,41.92,13.19,10.11,18.91,68.71,26.2,46.39,22.88,42.93,17.84,39.51
3LZF_1.pdb,150.4,41.81,15.32,11.66,22.73,67.29,30.75,47.76,30.23,42.08,17.63,40.74
6D01_1.pdb,151.3,41.94,6.84,5.152,19.33,65.87,20.43,41.52,17.88,39.87,17.13,37.58
5B8C_1.pdb,152,41.85,9.512,7.273,17.59,65.41,23.89,46.12,22.36,41.79,16.14,36.42
6IEC_1.pdb,150.5,41.95,14.58,10.76,24.13,67.58,30.47,45.18,25.3,45.67,19.06,33.87
6ATT_1.pdb,151.3,41.62,22.39,16.61,24.25,70.11,36.1,53.32,35.57,45.38,24.52,43.47
5DFV_1.pdb,151.5,41.58,8.867,6.758,18.66,65.89,22.76,42.91,21.91,35.58,18.11,32.74
3D0L_1.pdb,151.5,42.08,6.656,5.152,18.28,65.59,20.34,41.2,16.37,37.41,15.97,36.43
6BPE_1.pdb,151.2,42.07,15.17,11.34,19.59,69.2,32.42,49.96,28.68,44.88,21.12,36.46
4O58_1.pdb,152,41.8,15.31,11.33,19.61,68.1,29.59,47.7,25.25,44.8,15.68,37.64
4I18_1.pdb,151.3,41.95,12.14,9.078,20.61,67.27,26.58,48.03,20.14,43.86,17.78,36.04
5DHV_1.pdb,151.5,42.05,7.941,5.984,17.69,65.4,22.8,45.28,21.07,36.53,16.66,36.22
5A3I_1.pdb,151.5,41.92,15.86,11.78,21.64,68.71,29.54,47.49,25.79,40.32,21.12,36.46
5G64_1.pdb,151.3,42.02,14.97,11.02,20.78,68.03,29.58,47.28,28.18,45.54,20.49,36.43
1JRH_1.pdb,151.8,42.02,8.941,6.699,18.29,66.71,23.2,42.59,21.88,39.8,15.86,36.11
6MLM_1.pdb,151.2,42.02,14.87,11.25,23.51,67.25,29.74,47.25,27.85,45.71,18.53,36.59
4LF3_1.pdb,151.1,41.94,9.355,7.016,20.55,64.66,23.36,45.27,19.12,34.13,18.95,35.34
4JZO_2.pdb,152.5,41.77,6.445,4.895,16.15,65.67,19.82,43.1,20.62,34.41,14.91,35.21
2QQN_1.pdb,151.3,41.75,10.83,8.047,20.3,65.7,25.23,46.25,20.03,37.32,17.54,36.41
3KJ4_2.pdb,151.5,41.93,14.2,10.75,19.57,65.62,29.33,46.86,24.8,45.2,21.28,39.2
4LVN_1.pdb,151.4,41.79,15.61,11.85,21.22,65.72,30.94,50.85,25.58,46.75,21.31,40.15
5H35_1.pdb,151.8,41.91,11.92,8.82,19.93,65.55,23.35,48,24.97,40.15,16.91,34.88
2DQC_1.pdb,151.1,41.8,9.758,7.215,20.74,64.68,24.65,43.35,20.29,37.42,18.91,38.45
6C9U_1.pdb,151.4,42.01,19.72,22.48,29.77,71.25,34.29,61.55,39.17,57.27,28.08,45.43
5G64_2.pdb,152.9,41.82,14.97,11.06,19.3,68.72,28.09,50.57,26.99,41.86,19.18,37.57
6BPA_1.pdb,151.3,42.09,15.26,11.3,20.75,67,29.96,47.59,28.61,45.56,18.68,40.13
3MLY_1.pdb,151.2,42,6.602,5.211,17.48,65.23,22.09,41.21,19.99,39.73,16.3,35.7
6IVZ_1.pdb,151.2,42.11,17.11,12.81,20.02,67.8,32.34,49.02,24.76,44.34,21.74,36.37
2W9E_1.pdb,151.3,42.09,8.93,7.016,18.87,65.2,24.02,42.91,22.21,41.29,17.17,35.56
5WK3_1.pdb,151.3,41.92,8.164,6.184,18.43,66.01,22.71,42.51,21.33,40.65,16.01,33.85
3LDB_1.pdb,153.4,41.99,16.03,12.33,18.83,68.17,29.21,51.33,28.04,44.75,14.89,41.18
2VXT_1.pdb,151.6,41.77,10.54,7.988,18.5,64.4,24.91,44.3,19.37,42.78,19.55,34.36
6C6Z_1.pdb,151.1,41.93,11.84,8.762,19.17,65.74,27.27,45.2,24.19,43.39,17.2,36.59
5XCV_2.pdb,153.3,41.9,6.336,4.895,15.38,64.38,19.36,41.34,17.93,39.3,14.72,33.72
4HS6_1.pdb,150.8,42.07,6.566,5.211,17.5,65.02,22.36,41.16,17.29,39.6,17.1,32.98
5Y9J_1.pdb,150.7,42.11,10.34,7.789,20.62,66.12,25.46,43.97,24.37,36.42,18.93,38.59
1IC5_1.pdb,150.7,41.77,9.496,7.273,19.62,65.83,24.64,43.13,23.37,41.3,18.74,36.57
6MTO_1.pdb,150.9,41.86,10.87,8.246,19.11,65.49,26.07,44.52,24.91,39,17.88,34.52
4YUE_1.pdb,151.3,42,9.516,7.215,19.8,63.4,23.9,43.34,18.79,36.15,18.2,34
2IH3_1.pdb,151.6,41.88,8.938,6.699,18.77,63.47,22.77,42.75,18.13,36.83,18.23,36.3
1FSK_1.pdb,151.8,41.89,10.88,8.047,20.31,65.37,25.08,44.06,19.56,36.87,16.72,35.08
5D8J_1.pdb,151,41.9,9.953,7.531,19.86,66.25,25.63,46.48,23.43,42,17.05,36.22
5E94_1.pdb,151.5,41.84,9.246,7.215,19.85,65.88,23.85,42.81,22.52,34.71,15.69,35.41
1XGT_1.pdb,151.5,41.93,9.758,7.273,18.74,65.74,24.84,43.23,20.93,42.07,16.82,38.47
4G6M_1.pdb,151.4,41.92,10.54,8.047,21.39,64.3,25.66,43.57,22.96,42.68,17.7,36.43
4WHY_4.pdb,151.2,41.98,6.309,4.895,18.51,65.13,21.25,41.21,19.66,36.4,16.64,36.07
1OAK_1.pdb,149.8,41.93,12.26,9.078,20.74,65.34,28.05,45.01,29.05,43.63,18.8,35.89
4OKV_1.pdb,150.3,41.85,7.918,6.242,19.14,65.25,23.96,45.18,22.66,40.76,17.13,35.29
5TZU_1.pdb,151.1,41.82,9.316,6.957,18.94,65.79,24.82,43.32,22.64,36.99,19,37.53
3MLW_1.pdb,151.5,41.98,7.098,5.41,17.96,64.92,21.8,41.59,17.02,40.11,16.23,36.09
3SKJ_1.pdb,151.3,42.05,11.54,8.574,21.59,65.73,25.97,47.23,21.05,37.16,18.04,38.24
3FMG_1.pdb,151.2,42.02,12.89,9.793,20.75,65.55,28.33,46.13,21.3,44.13,20.76,36.45
6O3B_1.pdb,151.2,41.96,9.734,7.215,18.54,67.46,24.67,43.3,24.64,41.82,18.41,36.32
2R0L_1.pdb,151.7,41.96,12.86,9.535,18.63,66.62,26.79,45.3,25.39,44.2,17.28,39.36
5YY5_2.pdb,151.3,41.85,11.62,8.82,22.39,65.68,26.61,44.84,19.71,37.15,17.78,34.15
3QUM_2.pdb,151.1,42.02,12.88,9.793,22.58,65.16,27.99,45.83,21.44,36.82,17.69,36.61
3THM_1.pdb,151.2,42.1,8.605,6.699,18.94,62.62,24.07,42.56,17.97,36.68,17.96,35.97
2H1P_1.pdb,151.3,41.87,6.574,5.152,17.64,62.39,21.93,41.39,20.22,34.02,17.85,36.46
5EPM_1.pdb,151.7,41.77,7.359,5.668,17.63,62.82,21.71,41.75,20.15,40.58,15.6,33.46
6MW9_1.pdb,151.3,41.46,15.56,11.74,21.01,65.57,29.32,50.78,26.09,42.04,20.89,37.22
5W08_1.pdb,151,41.46,14.49,10.73,21.81,65.4,29.43,49.7,28,42.34,21.98,36.89
5KEN_3.pdb,151.7,41.93,9.242,6.957,19.54,65.42,23.28,42.7,21.76,41.71,16.58,32.95
1KIP_1.pdb,151.1,41.93,9.754,7.215,19.28,65.14,24.66,43.45,19.25,41.13,18.97,38.61
4RGO_1.pdb,151.1,41.63,13.11,9.852,21.23,66.23,27.98,46.24,21.29,37.36,17.79,34.06
6BZV_1.pdb,150.5,41.99,6.598,5.211,18.32,61.85,22.55,41.35,20,35.2,18.57,34.53
6BP2_1.pdb,151.2,41.58,10.54,8.047,18.86,64.19,25.09,44.11,24.14,36.96,17.14,36.4
1NCB_1.pdb,153.7,41.89,17.41,12.93,17.15,65.91,30.04,49.34,22.87,46.79,19.56,34.6
4OGY_2.pdb,151.4,41.97,13.17,9.793,21.13,65.69,29.98,45.56,21.01,44.15,16.06,33.87
6GKU_1.pdb,151.3,41.95,10.27,7.73,18.77,65.5,25.27,47.06,23.8,42.55,17.14,34.64
4QWW_1.pdb,150.2,41.88,21.55,15.93,23.02,66.33,37.37,52.09,35.8,46.98,24.63,36.7
1TET_1.pdb,150.1,41.93,6.57,5.211,18.7,64.75,23,44.5,19.89,38.42,17.36,33.48
4H88_1.pdb,151.3,42.01,9.207,6.957,18.62,64.8,23.2,45.21,19.07,36.58,17.05,36.37
6CXY_1.pdb,151.5,42.16,12.32,9.078,21.14,65.62,26.82,47.7,25.29,43.52,19.98,34.75
3W2D_1.pdb,151.2,42.01,13.13,9.852,19.1,65.67,27.91,45.87,26.64,44.36,20,35.29
6GK7_1.pdb,151.4,42,6.859,5.211,18.02,65.98,21.57,41.43,20.79,36.31,16.57,33.55
4Y5Y_1.pdb,151.3,41.88,11.63,8.762,19.11,64.78,26.43,44.58,25.46,43.59,19.83,33.42
5WNA_1.pdb,151.4,42.09,7.16,5.41,18.59,62.94,21.93,44.25,16.5,40.11,17.46,35.57
4KI5_2.pdb,151.9,41.74,10.57,7.988,18.09,66.51,24.97,44.56,23.43,37.11,19.29,36.56
6A4K_1.pdb,151.4,41.88,12.84,9.594,19.46,64.64,27.45,45.57,25.23,43.94,17.85,33.76
4LEO_1.pdb,151.1,41.93,22.96,17.29,22.47,71.26,38.25,53.59,30.41,45.97,22.33,36.62
3LIZ_1.pdb,151.3,41.89,15.3,11.7,21.73,69.64,30.03,47.38,27.89,44.88,21.47,35.87
6AQ7_1.pdb,151.5,41.94,9.211,7.016,18.19,65.93,25.41,43.45,22.52,36.98,16.23,36.17
3K2U_1.pdb,151.4,42,12.56,9.535,20.63,67.78,26.93,43.86,20.73,43.81,17.6,35.9
5T6L_1.pdb,151.3,41.94,10.81,8.246,19.62,66.19,25.98,44.42,20.67,42.81,16.66,33.94
3S37_1.pdb,151.2,41.85,8.949,7.016,18.77,66.89,23.98,42.89,24.34,37.05,17.29,33.57
5EOC_2.pdb,151.9,41.85,6.598,4.953,17.7,65.57,20.48,41.26,16.94,36.26,15.62,33.92
4FFW_1.pdb,151.6,41.95,19.24,20.18,25.38,69.63,35.61,58.67,37.66,55.12,26.89,37.21
5BVP_1.pdb,151.5,42.02,10.57,7.988,17.98,66.76,23.78,44.09,23.59,42.29,19.01,38.62
5JO4_2.pdb,151.2,41.92,12.2,9.02,21.4,66.32,27.02,44.93,25.44,43.75,20.29,35.75
6ARU_1.pdb,151.3,42.07,23.22,17.25,24.2,66.48,37.98,53.49,29.73,51.77,18.84,41.39
4XNQ_1.pdb,151.3,41.72,11.98,9.02,20.39,67.16,27.08,45.55,21.2,44,20.39,36.61
1BVK_1.pdb,151.5,41.88,9.863,7.215,18.5,65.1,22.89,43.66,20.11,41.97,16.76,36.02
1G7H_1.pdb,151.3,42.06,9.75,7.215,18.73,65.56,24.58,43.03,19.09,41.89,17.21,36.08
4Z5R_1.pdb,151.7,41.63,10.22,7.789,19.2,65.75,24.38,44.07,21.71,42.79,18.77,36.9
6R8X_1.pdb,151.8,42.01,12.96,9.535,20.58,65.43,26.43,48.52,24.4,44.18,20.32,36.72
3WIH_1.pdb,152.1,41.71,8.645,6.441,17.67,66.26,22.5,42.95,16.96,41.3,15.75,36.75
5TZT_1.pdb,151.6,41.94,9.273,7.016,19.93,65.6,23.66,43.07,18,36.73,18.92,37.82
4PP2_1.pdb,151.2,41.92,12.55,9.594,21.23,66.39,27.34,48.47,26.03,37.74,18.03,35.62
2HMI_1.pdb,152.7,42.07,18.82,14.2,21.66,67.88,32.02,53.03,25.93,48.04,20.1,40.7
4F37_1.pdb,151.4,41.92,9.473,7.215,20.36,67.54,24.19,43.42,22.91,36.59,17.54,38.35
3JAU_1.pdb,151.7,42,6.828,5.152,17.66,65.25,21.12,41.35,16.93,39.41,15.91,35.99
3U9P_2.pdb,151.5,41.88,10.66,8.305,20.87,66.8,25.84,46.6,20,36.53,19.21,39.24
1FE8_1.pdb,151.3,42.16,10.93,8.246,19.8,66.39,26.12,44.4,20.17,36.61,17.69,36.96
3ULU_3.pdb,151,41.99,25.16,18.82,26.13,70.8,39.87,54.88,38.36,52.89,19.06,37.49
3O6L_1.pdb,151,41.85,6.566,5.211,18.56,66.27,21.74,41.1,20.42,36.89,16.96,35.94
4KUC_1.pdb,151.6,41.99,13.27,9.793,22.13,66.53,27.68,48.76,20.96,44.52,20.79,33.82
4M62_1.pdb,151.4,41.94,10.59,8.047,20.88,65.62,25.61,47.04,20.36,42.83,19.46,33.87
5GZO_1.pdb,151.9,41.86,17.13,12.64,22.05,68.85,30.91,48.7,28.35,47.08,17.81,36.59
5C0R_1.pdb,151.4,41.84,14.25,10.68,20.19,65.81,28.74,46.83,24.49,44.78,20.09,34.41
5KVD_1.pdb,151.8,42.02,9.238,6.957,19.21,65.67,23.43,45.8,20.6,36.87,16.4,37.88
1NL0_1.pdb,150.9,41.82,7.129,5.41,18.04,62.95,22.87,41.85,20.78,35.33,17.96,36.15
4YK4_1.pdb,151,42.17,12.48,9.277,24.7,65,29.74,45.28,26.09,39.54,17.85,37.49
4FFV_1.pdb,151.5,41.76,18.87,20.16,26.75,72.12,38.2,59.58,30.43,55.3,21.51,36.94
5DD0_1.pdb,151.4,41.86,6.633,5.211,20.23,66.07,21.35,41.51,22.44,39.9,17.06,36.38
3EOA_1.pdb,151.3,42.14,11.52,8.762,21.36,65,26.78,47.63,24.16,36.92,20.14,36.27
1NAK_1.pdb,151.2,41.86,6.312,4.895,17.74,62.16,21.51,40.7,17.3,36.89,16.07,32.97
4XAW_1.pdb,150.6,42.04,6.566,5.152,16.66,64.67,22.37,41.02,20.73,38.38,16.88,35.93
5O6V_1.pdb,150.7,41.56,20,14.96,19.6,67.16,37.73,49.28,34.39,48.16,24.91,36.16
4NNP_1.pdb,151.1,42.06,14.2,10.76,22.08,66.52,29.91,46.86,30.03,45.21,21.97,34.15
5YWP_1.pdb,151.2,41.93,19.47,14.48,21.79,70.51,34.56,50.46,31.3,49,18.43,35.72
1NSN_1.pdb,151.5,42,10.18,7.73,18.7,64.98,25.14,44.17,21.27,42.39,17.5,36.63
4ZFG_1.pdb,152,41.88,12.54,9.535,18.41,65.16,28.55,45.73,19.96,44.01,16.46,35.73
4TSC_1.pdb,150.4,41.93,9.758,7.215,20.32,65.29,25.22,43.69,20.52,36.85,19.82,35.76
3V6Z_1.pdb,150.8,42.01,10.96,7.988,19.36,65.45,26.12,44.51,21.75,37.94,17.75,35.24
1YQV_1.pdb,151.3,41.95,9.488,7.273,20.36,65.64,24.63,46.24,22.05,42.2,16.99,36.55
2YSS_1.pdb,151.5,41.86,9.684,7.273,20.46,65.92,24.02,41.28,18.88,38.94,19,33.89
6GLX_1.pdb,151.2,42.02,10.2,7.73,19.37,65.03,25.21,43.53,21.12,37.77,17.26,36.94
4UAO_1.pdb,151.1,42.16,15.95,11.86,22.14,67.84,30.84,47.84,23.88,42.12,20.92,40.65
5YY5_1.pdb,151.2,41.91,11.92,8.762,19.06,65.44,26.67,45.23,25.57,43.45,18.04,39.3
4HHA_1.pdb,150.8,41.99,6.828,5.211,18.2,65.35,22,43.77,19.43,34.16,17.59,35.91
5U3L_1.pdb,151.2,41.51,7.414,5.668,19.23,65.73,22.08,45.36,19.23,40.7,17.03,36.89
4HG4_1.pdb,151.8,42.11,15.29,11.63,18.28,67.53,29.71,47.73,24.84,46.33,16.32,34.13
3VRL_1.pdb,151.3,41.84,8.43,6.242,19.57,65.75,22.98,41.75,21.58,37.03,16.04,36.46
5EZO_1.pdb,151.3,41.91,15.83,11.82,22.18,69.4,30.42,51.09,29.23,46.35,21.09,37.27
1ZA3_1.pdb,151.3,41.98,8.938,6.699,18.87,65.25,24.23,43.16,18.66,41.46,18.31,32.77
2B1H_1.pdb,151.3,41.63,6.938,5.152,18.25,65.3,22.09,41.84,17.93,39.02,16.2,34.19
2AP2_1.pdb,151.4,41.75,6.832,5.211,17.96,64.48,21.16,41.75,20.04,36.81,15.75,36.27
5MVZ_1.pdb,151.3,41.8,10.2,7.73,19,64.78,25.13,46.94,23.99,42.53,17.52,38.23
5BK1_1.pdb,153.3,41.61,16.11,12.32,17.71,68.33,28.68,48.5,24.99,47.46,16.67,38.52
6CT7_1.pdb,151.4,41.78,6.312,4.695,17.46,65.49,21.41,41,18.22,39.65,16.13,34.28
3C09_1.pdb,151.5,41.99,11.3,8.504,20.61,65.16,25.59,47.52,20.42,36.91,17.3,38.97
5CZV_1.pdb,151,41.94,12.51,9.277,20.37,65.35,28.27,45.05,26.22,43.25,17.3,39.8
4ZSO_1.pdb,152,41.64,12.2,9.078,18.98,65.73,30.89,45.71,23.91,37.11,19.32,34.69
1XGU_1.pdb,151.2,41.83,9.5,7.273,19.09,64.08,27.32,43.65,19.03,42.29,17.28,33.78
4OQT_1.pdb,151.3,41.95,19.96,15.03,19.91,66.02,35.21,53.97,33.05,45.17,23.2,38.26
4G6A_2.pdb,151.2,41.84,6.598,5.152,18.37,65.21,21.35,41.93,19.03,39.61,17.7,34.59
5WDF_1.pdb,153.4,41.84,7.133,5.41,15.45,65,19.67,41.77,15.14,40.34,17.77,33.78
3JCX_1.pdb,151.4,41.87,21.53,16.16,25.77,70.12,35.3,55.48,33.23,50.02,24.45,41.21
3GHE_1.pdb,151.2,41.95,7.094,5.469,18.66,65.14,22.12,41.28,17.52,37.01,17.7,32.75
4NP4_1.pdb,150.7,41.94,14.17,10.73,22.43,68.77,29.55,49.6,22.73,44.82,22.05,36.48
2DQI_1.pdb,150.9,41.99,9.742,7.215,19.5,65.1,23.34,46.48,22.6,38.53,17.36,34.33
4G7V_1.pdb,150.9,42.08,9.934,7.473,18.75,65.74,25.02,41.92,20.38,38.27,19.66,34.2
5EN2_1.pdb,151,41.87,10.52,8.047,19.98,66.19,25.96,47.06,19.22,38.89,19.08,35.51
6CMG_1.pdb,150.9,41.88,18.79,14.01,23.13,70.57,33.82,53.05,26.21,45.16,18.75,41.92
1XGP_1.pdb,151.4,41.89,9.559,7.215,18.7,65.54,24.58,41.46,22.33,38.68,19.29,35.71
5DMG_1.pdb,151.1,41.88,6.098,4.695,17.55,65.61,21.04,41.81,18.04,39.2,16.68,34.46
5USH_1.pdb,151.2,41.87,13.15,9.793,18.18,66.98,27.8,48.8,23.62,37.25,19.33,34.25
5IKC_1.pdb,151.6,41.57,8.582,6.699,17.84,65.32,23.25,42.12,17.69,36.66,18.13,38.05
4N9G_3.pdb,151.3,41.99,7.105,5.469,18.09,65.36,21.67,41.84,21,37,16.25,36.14
6N7J_1.pdb,151.1,41.95,6.863,5.211,18.2,65.26,21.26,41.09,20.46,33.86,17.31,35
6D0U_1.pdb,153.4,41.57,14.25,10.63,19.66,67.7,29.59,50.41,25.25,45.3,17.59,37.25
5T29_1.pdb,151.8,41.96,10.66,7.988,20.84,66.26,24.81,47.42,22.51,38.3,16.8,33.74
4NM8_1.pdb,151.2,41.86,11.52,8.82,21.43,65.25,26.38,46.78,25.3,37.21,17.43,37.02
1ZTX_1.pdb,151.6,41.88,8.945,6.758,18.51,65.77,23.54,42.73,18.5,38.11,16.75,33.21
3WHE_1.pdb,151.4,42.02,20.32,15.07,23.8,69.48,34.9,54.22,31.7,49.79,19.3,42.12
2ADF_1.pdb,151.4,42.16,11.25,8.504,18.93,65.63,26.06,46.61,21.37,41.87,17.72,36.3
5L0Q_1.pdb,151.4,42.1,11.93,8.762,20.23,65.59,26.27,41.24,20.27,37.04,19.67,39.04
6E62_1.pdb,151.3,42.07,10.25,7.73,19.34,65.7,24.9,43.7,19.43,38.05,17.61,34.32
3HB3_1.pdb,151.4,41.9,13.48,10.11,21.02,64.95,28.48,46.42,23.35,44.57,17.64,39.93
5VL3_1.pdb,151.7,42.05,15.22,11.3,21.78,65.29,29.5,45.67,21.04,44.67,17.36,37.07
4FQJ_1.pdb,150.8,41.96,14.55,10.86,22.95,68.81,29.75,47.02,28.22,39.88,22.27,35.69
6BLH_1.pdb,151.2,41.63,7.238,5.41,17.87,65.85,22.43,44.71,17.57,39.3,17.45,35.7
4RAU_1.pdb,151.3,41.95,7.891,6.242,19.11,65.26,22.94,42.41,17.4,39.93,17.74,36.16
5T5F_1.pdb,151.1,41.84,12.85,9.535,19.81,65.99,27.96,48.47,27.04,40.79,17.44,39.64
4N0Y_1.pdb,151.4,41.54,6.574,4.895,18.14,65.91,21.38,41.85,19.95,40,17.01,34.34
6I8S_1.pdb,151.6,41.88,16.8,12.5,21.33,69.41,31.27,49.01,30.21,42.68,17.16,36.77
3BN9_1.pdb,151,41.94,13.2,9.793,21.83,68.47,28.14,45.68,23.54,44.16,20.28,33.37
3QWO_1.pdb,151,42.07,7.633,5.926,17.36,65.35,22.74,41.77,22.07,40.36,17.12,32.98
3MNZ_1.pdb,151.4,42,6.625,5.152,17.89,65.21,21.49,41.3,20.16,36.84,17.1,32.96
3LHP_1.pdb,151.9,41.93,9.477,7.016,18.53,65.71,23.46,46.02,18.46,41.55,16.32,38.43
5NUZ_1.pdb,151.6,41.95,10.51,8.047,18.59,65.36,25.71,41.83,19.46,36.91,16.5,37.68
1GGI_1.pdb,151.4,41.93,6.312,4.895,17.51,62.43,20.87,41.11,19.4,39.68,16.34,32.36
6A79_1.pdb,151.2,41.89,8.633,6.441,18.87,65.36,23.29,42.95,20.4,36.22,18.55,38.21
2DQD_1.pdb,151.9,41.88,9.5,7.215,18.38,63.66,23.86,43.57,18.37,41.6,16.93,36.46
3H3P_1.pdb,150.9,41.94,6.574,5.211,18.47,62.63,21.8,44.27,20.51,39.84,16.17,34.98
3MLT_3.pdb,150.8,41.57,6.867,5.152,17.95,62.73,22.19,41.7,17.84,36.29,16.91,37.55
5VZY_1.pdb,151.4,41.57,6.309,4.895,17.52,61.09,22.7,41.87,17,40.24,16.02,37.41
1EJO_1.pdb,151.5,41.83,6.574,4.895,17.6,62.44,20.24,40.71,16.57,39.73,16.19,33.95
5C0N_1.pdb,151.3,42.02,9.898,7.531,18.8,65.29,27.02,43.75,22.34,41.88,17.2,36.01
5KEL_1.pdb,151.5,42.02,9.578,7.273,19.21,63.73,23.93,46.16,23.12,37.77,20.46,34.54
5E8E_1.pdb,151.4,42,13.86,10.36,20.81,68.38,31.76,46.89,21.56,44.65,21.22,34.31
6B0S_1.pdb,151.5,41.89,7.91,5.926,19.31,64.96,22.79,42.04,17.83,36.75,15.62,36.29
6IAP_1.pdb,151,41.9,11.31,8.562,22.07,65.85,26.46,44.84,24.84,43.12,20.4,33.73
6A78_2.pdb,151.2,42,8.586,6.441,20.95,65.2,23.72,42.89,17.8,41.36,16.55,34.28
6MTP_1.pdb,151.5,41.84,6.855,5.211,17.55,65.86,21.7,41.12,16.95,39.97,16.95,36.23
3BKY_1.pdb,151.3,42.13,6.598,5.152,18.17,65.96,21.7,41.12,20,36.92,17.18,35.69
6DDV_1.pdb,151.2,41.82,9.008,6.957,19.32,65.84,22.53,43.33,23.15,35.38,18.41,36.64
4GMS_2.pdb,151.2,41.88,15.25,11.32,19.12,69.19,30.23,47.19,27.97,42.73,17.33,36.55
4CMH_1.pdb,151.4,41.92,13.25,10.05,19.04,65.65,29.95,42.57,24.59,39.29,21.19,39.96
5K9K_1.pdb,151.4,42.16,20.64,15.29,24.5,69.17,35.42,51.49,28.65,45.37,23.88,36.42
4GMS_1.pdb,151.3,42,15.24,11.25,18.56,67.05,30.21,45.84,21.26,45.99,17.11,38.4
4HWB_1.pdb,151.4,42.11,9.25,6.957,18.59,65.59,24.55,41.51,21.41,36.53,16.66,37.57
4DTG_1.pdb,151.5,42.1,8.227,6.242,18.12,65.37,22.74,41.93,17.23,36.68,18.08,34.16
6B5M_1.pdb,151.3,41.88,6.836,5.152,17.64,65.86,21.7,41.43,19.82,36.64,16.15,33.91
5EA0_1.pdb,151.4,42.02,6.574,5.152,18.39,65.76,21.48,38.29,19.12,35.93,17.01,37.13
3WSQ_1.pdb,150.9,41.98,21.54,15.99,24.78,71.42,37.12,54.82,35.31,50.52,19.49,36.16
4YPG_1.pdb,151.1,41.64,10.85,8.305,19.42,65.93,26.27,47.86,24.25,42.85,17.42,36.74
6B0A_1.pdb,150.9,42.16,10.6,8.047,19.13,65.62,25.96,46.7,24.11,42.31,19.66,35.96
5W0K_1.pdb,151.4,41.81,24.54,18.29,26.73,67.25,39.27,57.58,36.4,52.95,25.03,37.36
3TT3_1.pdb,151.4,41.95,20.34,15.2,24.91,66.24,34.85,51.14,26.02,49.88,23.77,37.52
5U3J_1.pdb,151.4,42.08,7.645,5.727,17.9,64.72,22.37,41.84,19.16,36.9,16.7,36.32
4N8C_1.pdb,151.2,42.11,6.922,5.152,17.8,64.11,21.73,41.28,17.13,38.59,16.86,36.32
4HS8_1.pdb,151.3,42.05,6.863,5.152,17.99,64.91,23.68,41.54,20.23,39.58,16.16,36.78
6OCB_1.pdb,151.5,41.67,13.93,10.54,21.77,67.56,26,46.44,27.04,45.49,20.82,35.65
5OB5_1.pdb,151.6,41.88,7.883,5.926,18.11,65.7,21.62,42.26,17.64,40.65,16.7,34.02
6IEK_1.pdb,150.5,41.75,14.96,11.09,21.81,68.99,30.23,45.25,28.83,46.26,19.98,36.54
1RJL_1.pdb,151.5,41.87,8.949,6.699,17.76,65.62,23.33,42.43,18.02,41.16,17.06,33.9
4AL8_1.pdb,151.2,42.12,8.945,6.699,18.85,65.69,23.78,42.55,18.58,37.11,17.09,36.21
4FFZ_1.pdb,150.9,42.03,9.184,6.957,19.07,63.53,24.2,41.55,22.69,38.7,18.46,36.41
4N9G_2.pdb,151.4,41.96,7.129,5.41,18.04,65.72,21.83,41.44,20.33,37.96,16.57,36.11
6CYF_1.pdb,151.4,42.08,10,7.473,20,65.15,23.95,43.11,23.12,36.82,16.95,34.82
6AXK_1.pdb,151.4,42.11,6.57,4.895,17.58,65.5,21.12,44.13,19.22,37.98,16.4,33.9
5VGJ_1.pdb,151.3,41.88,9.875,7.473,20.39,64.62,24.95,41.77,23.36,42.25,16.86,33.38
6B08_1.pdb,151.2,41.94,10.89,8.047,21.48,65.71,25.56,42.23,24.52,37.04,17.52,34.34
3BGF_1.pdb,151.8,41.93,11.52,8.504,19.88,66.02,25.51,47.94,23.27,40.65,16.62,36.53
2FJH_1.pdb,151.5,41.86,8.918,7.016,18.46,65.59,23.66,42.11,21.76,41.02,18.14,36.82
4GAG_1.pdb,151.4,41.95,6.574,5.152,17.56,65.34,21.05,44.02,19.48,39.64,17.34,35.62
4M8Q_1.pdb,151.2,42.08,10.05,7.531,19.08,63.9,24.75,43.61,19.64,36.72,17.55,34.07
6H06_1.pdb,151.3,41.95,6.574,5.152,18.88,65.62,21.78,41.84,18.71,39.55,15.94,34.32
6MEJ_1.pdb,151.3,41.88,12.86,9.535,21.71,65.8,28.52,45.5,22.69,44.45,20.45,34.55
5D96_1.pdb,151,42.08,12.59,9.535,20.18,67.8,30.89,45.22,26.3,44.03,17.81,37.34
6BPC_1.pdb,151.3,41.88,15.25,11.3,22.62,66.61,32.77,50.86,28.62,46.12,22.38,37.62
6DFJ_1.pdb,153.5,41.82,8.938,6.699,15.7,65.59,24.37,45.98,20.71,38.22,15.98,37.53
4XH2_2.pdb,151.8,41.82,6.391,4.953,17.63,65.68,20.71,43.98,18.91,34.98,15.85,37.23
4HCR_1.pdb,151.4,41.93,11.85,8.82,19.16,66.29,26.51,44.63,25.42,41.8,18.52,37.49
6FY2_1.pdb,151.2,41.8,6.828,5.211,19.59,65.93,21.58,41.64,17.45,34.09,15.6,37.55
3WD5_1.pdb,151.3,41.8,10.6,7.988,18.81,65.68,25.37,44.3,19.37,42.72,19.1,39.07
5W3P_1.pdb,151.9,42.08,6.309,4.953,16.95,65.51,21.02,43.55,15.93,36.68,15.52,36.11
5NMV_1.pdb,151.1,42.06,7.914,6.184,19.41,65.26,22.96,45.15,21.62,35.97,16.46,37.28
5WUX_1.pdb,151.3,41.89,9.918,7.531,19.31,64.07,24.65,44.03,22.25,36.86,16.78,37.5
1QNZ_1.pdb,151.6,42.11,6.859,5.152,17.76,65.23,21.75,41.38,18.99,36.13,15.64,37.18
2EIZ_1.pdb,151.3,42.08,9.793,7.273,18.99,65.61,24.64,43,23.14,41.95,15.65,36.53
5HDQ_1.pdb,151.9,41.84,14.19,10.73,19.09,66.52,28.64,45.21,27.05,45.52,17.79,35.81
5X2N_1.pdb,150.7,42.05,18.77,14.03,24.27,68.62,34.01,50,33.23,48.08,21.93,35.59
3B9K_1.pdb,150.9,41.82,9.531,7.215,21.71,65.59,27.47,43.54,19.38,36.8,17.97,36.05
5DO2_1.pdb,151.7,41.95,11.89,9.02,21.89,66.61,28.64,47.54,22.36,36.83,17.76,34.4
5SY8_1.pdb,151.4,42.02,11.14,8.246,21.87,65.55,25.78,43.9,23,42.98,19.07,35.85
5CJO_1.pdb,151,42,22.19,25.29,30.64,70.37,40.21,63.96,36.07,60.02,30.27,45.8
4QHU_1.pdb,151.4,41.89,9.32,7.215,18.86,65.42,24.03,46.15,22.76,41.86,16.65,33.85
4HPY_1.pdb,150.6,42.04,6.621,4.895,18.63,62.06,24.55,41.51,17.68,36.63,17.85,36.02
1NMA_1.pdb,151.5,41.85,17.11,12.84,19.9,66.61,30.74,51.99,30.16,44.54,21.2,36.84
4HZL_1.pdb,151.4,42.01,6.629,5.152,17.97,61.18,21.44,41.57,20.17,39.19,16.8,35.28
3ULU_1.pdb,150.9,42.11,25.09,18.8,26.05,67.42,40.1,54.86,38.66,50.91,21.82,44.22
4YDV_1.pdb,151.4,41.88,6.57,5.152,18.52,62.51,21.53,41.41,16.9,39.82,15.73,35.11
2R29_1.pdb,151.2,41.83,9.062,6.758,18.98,65.65,23.91,45.66,18.9,41.56,18.27,36.78
4R8W_1.pdb,151.2,41.95,11.23,8.504,19.05,65.36,26.32,44.71,24.82,43.11,20.06,36.09
3J1S_1.pdb,151.5,41.57,21.43,15.84,24.17,68.02,35.87,55.67,28.96,50.64,23.2,37.46
4P59_1.pdb,151.3,41.77,22.3,16.71,24.08,67.21,37.03,53.29,32.06,51.81,23.91,43.64
3G6J_1.pdb,151.1,41.86,20.88,23.81,29.98,73.63,35.77,62.27,38.97,58.34,29.36,39.59
4QTI_1.pdb,151,42.11,13.59,10.05,20.39,66.09,29.1,46.11,22.5,41.23,18.2,36.11
1G7I_1.pdb,151.6,42.09,9.77,7.215,18.45,65.54,22.32,43.19,18.62,36.38,18.66,36.94
1V7M_1.pdb,151.4,41.95,9.93,7.473,19.48,65.14,25.05,46.35,18.02,42.2,16.72,33.92
6IUV_1.pdb,151.4,41.94,12.86,9.594,21.46,65.27,27.97,48.57,26.56,44.44,17.19,39.23
4I77_1.pdb,150.9,41.89,8.938,6.758,18.03,65.99,23.66,42.91,22.7,41.6,16.89,34.15
5VIG_1.pdb,153.6,42.1,9.004,6.758,18.69,65.3,21.35,45.68,19.71,41.21,14.67,34.11
3GBM_1.pdb,151.4,42.09,11.23,8.504,20,65.57,26.27,47.41,24.48,36.66,17.18,35.8
1IC7_1.pdb,151.3,41.89,9.477,7.273,19.05,64.67,24.26,46.63,21.13,39.16,18.57,33.89
4IRZ_1.pdb,151.2,42.04,23.05,16.97,25.59,70.13,37.21,56.03,36.01,50.35,20.77,37.15
6DB5_1.pdb,151.5,42.02,6.883,5.152,18.02,63.91,21.8,41.34,17.49,39.18,15.66,34.39
5KVG_1.pdb,151.6,41.77,8.938,6.699,17.83,65.82,23.59,42.52,24.05,41.69,17.07,34.48
3G6D_1.pdb,151.7,42,9.223,6.957,17.89,64.18,23.54,45.81,22.03,36.65,17.59,34.15
4U6V_1.pdb,151.7,41.89,14.43,10.71,20.09,65.8,28.64,50,21.89,45.32,16.67,35.27
5IBL_1.pdb,151.3,41.71,14.84,11.17,23.59,66.99,30.04,47.49,22.18,45.9,19.61,35.41
5YOY_1.pdb,151,42.11,10.57,8.047,18.75,64.71,25.58,41.8,24.4,36.84,19.92,34.37
5UOE_1.pdb,151.4,41.85,21.59,24.8,30.91,70.62,39.59,63.4,39.87,59.86,29.21,45.91
3TJE_1.pdb,151.3,41.34,9.266,6.957,18.05,62.61,24.07,43.61,23.18,38.97,16.59,36.11
1UAC_1.pdb,151.4,42.02,9.758,7.215,19.01,65.82,24.27,43.31,23.56,36,16.55,36.7
6OTC_1.pdb,151.3,42,9.863,7.531,18.45,63.86,24.63,46.42,23.74,39.87,16.95,35.66
4G6J_1.pdb,151.4,42.11,10.52,8.047,19.65,63.76,25.76,46.1,23.77,41.88,16.88,38.59
5KQV_1.pdb,151.7,41.46,22.89,17.25,24.55,66.44,37.77,57.09,34.03,51.11,23.71,44.34
4MHJ_2.pdb,151.5,41.88,15.55,11.73,18.64,66.71,29.69,50.34,28.63,44.99,20.84,36.43
2OTU_1.pdb,151.2,42.06,6.824,5.211,17.84,64.91,21.4,41.36,20.17,36.9,16.7,36.32
4GXU_1.pdb,151.4,41.79,15.3,11.7,18.81,65.85,29.96,47.6,28.46,46.45,20.85,34.83
2GSI_2.pdb,151.2,41.88,6.574,4.953,18.91,62.59,21.09,41.14,17.19,39.83,16.84,36.98
4K9E_1.pdb,151,42.13,11.85,8.82,21.01,65.98,26.91,41.62,21.7,38.34,20.27,38.68
6E63_1.pdb,151.7,42,9.887,7.473,18.52,66,24.28,43.27,21.67,41.9,19.03,35.42
1CZ8_1.pdb,151.6,41.83,9.254,7.016,18.52,66.92,23.66,46.44,20.83,41.46,15.93,33.87
6BFT_1.pdb,151.6,41.92,9.25,6.957,20.16,66.79,23.93,43.25,18.36,36.96,16.39,38.57
3MNW_1.pdb,151.1,41.89,6.859,5.211,18.37,61.07,22.27,41.71,20.34,36.67,17.21,37.52
6N81_1.pdb,151.1,41.99,14.86,11.14,20.31,65.46,29.72,50.08,21.5,45.79,21.86,36.7
1LK3_1.pdb,151.3,41.94,10.19,7.73,19.71,65.57,24.63,43.2,19.38,42.31,17.51,38.55
4TUK_1.pdb,151.4,41.95,6.367,4.953,18.61,65.5,22.95,44.31,19.6,34.37,16.77,37.41
5W2B_1.pdb,151.9,42.12,9.215,6.957,17.96,66.01,23.41,42.98,17.13,41.44,18.11,38.14
5HYS_3.pdb,151.5,41.54,12.57,9.535,18.64,65.5,27.01,49.09,25.71,44.35,17.67,36.56
3R08_1.pdb,151.8,42,8.602,6.5,17.88,65.47,22.95,45.41,18.01,36.76,15.85,33.77
6CXG_1.pdb,151.4,41.92,6.828,5.211,17.93,65.7,21.1,41.51,17.3,36.13,16.84,28.8
1FJ1_1.pdb,151.4,42.16,12.89,9.852,20.79,68.13,30.34,45.49,25.02,44.15,18.27,35.92
2CK0_1.pdb,151.6,41.82,6.887,5.152,17.58,66.25,21.32,41.64,19.66,36.84,16.65,37.46
4U6H_1.pdb,151.5,42,11,8.246,18.93,64.89,27.09,42.69,22.61,42.55,19.09,38.74
6D0X_1.pdb,151.4,41.81,6.566,4.953,17.98,66.08,21.38,44.35,19.95,38.75,16.21,36.68
5X0T_1.pdb,153.4,42.04,8.164,6.242,16.29,65.48,20.77,45.48,17.08,38.25,16.02,33.97
4GAJ_1.pdb,151.3,42.02,6.629,4.895,21.17,65.38,21.66,44.09,17.95,37.93,16,34.2
1NMB_1.pdb,151.6,41.57,17.42,13.01,19.24,66.38,34.29,52.52,26.96,45.6,21.53,37.09
5GGT_1.pdb,151.8,41.98,9.492,7.273,18.25,65.81,25.33,41.98,19.93,41.3,18.59,34.73
3V7A_1.pdb,151.6,41.83,14.86,11.24,22.68,67.34,29.31,50.69,27.9,45.96,18.63,36.52
1YY9_1.pdb,151.4,41.95,22.7,17.22,24.04,71.88,40.02,53.19,28.19,49.64,23.79,43.47
6CEZ_1.pdb,152,41.58,6.656,4.953,18.26,65.47,20.68,41.73,16.42,39.95,15.75,36.95
2HFG_1.pdb,151.3,42.08,6.863,5.152,17.89,62.53,22.29,41.66,17.59,34.29,17.32,36.06
5XWD_1.pdb,151.8,41.88,23.29,17.11,24.25,70,37.1,52.05,36.2,46.35,19.96,39.12
1A3R_1.pdb,151.5,42.07,6.918,5.152,17.6,65.52,21.25,41.07,20.09,38.54,15.15,36.31
5EII_1.pdb,150.9,42.17,10.59,7.988,20.27,65.09,25.44,43.86,24.18,36.54,17.46,38.54
4L5F_1.pdb,151.4,41.91,8.949,6.758,18.21,65.36,23.4,43.01,18.38,39.17,15.06,38.32
6BGT_1.pdb,153.3,42.18,22.98,16.86,23.05,71.6,35.69,56.1,29.11,49.98,19.82,43.24
5TRU_1.pdb,151.8,42.02,9.266,6.957,18.64,63.94,23.98,43.12,22.13,36.56,16.96,36.22
1NBY_1.pdb,151.3,41.82,9.754,7.215,18.93,67.16,24.58,46.71,18.88,36.02,19.04,33.97
4ETQ_1.pdb,151.6,41.95,12.83,9.535,20.66,66.78,26.98,45.94,20.87,36.59,18.8,35.54
5OCK_1.pdb,151.4,41.63,6.57,4.953,17.75,65.45,20.89,42.16,17.23,36.95,16.3,37.6
4G80_1.pdb,151.4,41.88,10.31,7.73,19.23,63.86,27.8,43.78,19.79,42.43,16.75,34.54
2VXQ_1.pdb,151.4,41.95,8.695,6.699,19.91,65.8,23.54,42.56,18.11,37.15,16.17,37.67
1TQB_1.pdb,151.3,42.07,9.207,6.957,18.35,65.49,26.16,46.23,18.68,39.53,16.86,37.78
5TFW_1.pdb,151.3,41.83,11.18,8.305,21.5,65.3,25.82,42.54,19.52,39.48,16.84,39.05
1I9R_1.pdb,151,41.83,10.27,7.789,20.91,67.37,25.72,47.05,22.8,38.48,16.26,33.88
6F7T_1.pdb,151,42.05,6.598,5.152,18.83,65.43,24.55,41.21,16.34,37.8,16.89,36.36
5GMQ_1.pdb,151.5,41.88,12.23,9.02,18.7,65.74,29.37,45.04,25.07,37.22,19.36,39.37
1XGR_1.pdb,151.3,41.84,9.488,7.215,20.55,67.53,24.18,46.51,23.02,37.93,17.15,37.18
2ZJS_1.pdb,151.2,41.91,18.02,13.46,20.69,70.26,34.67,52.24,30.71,48.06,21.36,41.61
4LKX_1.pdb,151.2,42,6.594,4.895,17.37,64.16,21.45,40.76,18.8,39.81,16.64,33.68
3ULU_2.pdb,151.1,41.81,25.05,18.86,26.5,72.45,40.34,55.06,35.27,53.77,23.66,44.5
6CNJ_1.pdb,150.9,42.08,16.85,12.81,21.5,68.04,32.08,51.39,27.12,44.92,20.5,37.1
5LDN_1.pdb,151.6,42,20.93,24.24,29.87,75.41,35.29,62.2,32.64,58.82,29.43,38.73
1HI6_1.pdb,151.8,41.9,6.305,4.953,17.39,62.02,20.75,41.92,19.32,33.98,15.44,37.31
6MTQ_1.pdb,151.3,41.32,10.89,8.305,19.08,66.33,25.66,48.23,24.28,39.66,19.95,39.23
1F58_1.pdb,151.7,41.61,6.855,5.211,18.02,65.73,21.18,44.86,17.03,36.45,16.59,37.68
4K94_1.pdb,151.4,42.06,11.83,8.762,19.04,65.36,26.6,44.84,20.43,39.04,19.4,35.9
5U3M_1.pdb,151.3,41.95,7.625,5.727,18.54,64.5,22.66,44.25,17.04,36.75,16.32,35.27
5AUM_1.pdb,151.5,42,6.625,4.895,18.5,65.69,21,41.36,16.89,37.3,15.91,37.46
3T3P_1.pdb,151.3,41.63,18.93,14,19.58,70.82,33.56,50.57,29.15,44.26,22.56,40.96
2OR9_1.pdb,151.3,41.86,6.832,5.152,17.52,62.41,21.45,41.57,20.3,38.16,15.96,35.5
5MES_1.pdb,151.6,41.89,10.53,7.988,19.31,65.71,27.63,43.8,22.62,42.43,16.14,37.68
3V4V_1.pdb,151.6,41.88,17.09,12.78,21.96,69.57,33.28,48.76,30.33,43.27,19.41,36.14
6BFQ_1.pdb,151.3,41.88,8.949,6.758,18.71,65.91,23.77,42.73,22.07,41.75,16.52,38.22
4WHT_1.pdb,151.3,41.8,6.418,4.895,17.75,65.61,21.49,43.91,17.21,37.66,15.84,33.53
6AYZ_1.pdb,151.2,41.92,10.25,7.789,19.48,65.92,25.11,43.73,23.41,42.62,17.04,38.8
1KIQ_1.pdb,151.3,41.88,9.848,7.273,20.6,66,24.41,46.46,21.12,37.82,16.52,36.42
5JQ6_1.pdb,151.2,42.02,15.02,11.37,20.41,69.08,30.17,50.47,28.18,42.3,21.07,36.64
6EYO_1.pdb,151.4,42.02,14.75,11,22.21,65.8,29.13,49.8,28.01,42.53,19.93,36.82
4LVH_3.pdb,151.3,41.98,12.6,9.594,22.75,66.74,27.86,45.55,20.94,36.61,17.38,39.65
6BFS_1.pdb,150.3,41.93,9.234,6.957,21.46,65.36,25.47,43.34,23.48,34.46,19.42,38.05
2R56_1.pdb,151.6,41.94,10.85,8.047,19.6,63.53,25.61,41.88,23.96,42.87,19.32,36.26
5XKU_1.pdb,151.2,42.08,12.2,9.02,19.38,65.18,28.93,41.93,26.24,37.32,19.86,33.77
3FFD_1.pdb,151.6,41.8,6.828,5.152,17.8,63.93,21.36,41.14,19.36,39.18,16.17,35.61
5VJO_1.pdb,151.8,41.95,9.527,7.215,18.31,65.7,23.98,46.23,18.46,39.39,18.84,35.87
6GLW_2.pdb,150.9,42.11,10.36,7.789,20.23,64.91,25.96,46.84,24.46,36.22,17.69,33.17
1FNS_1.pdb,151.4,41.94,12.19,9.02,19.17,65.55,26.82,45.59,20.18,37.9,17.46,36.19
3R1G_1.pdb,151.3,42.01,17.11,12.77,20.3,65.84,32.16,48.68,26.07,45.22,21.64,40.27
3A67_1.pdb,151.4,41.75,9.758,7.215,18.54,65.72,24.24,43.45,19.29,37.6,16.86,36.8
4M7L_1.pdb,150.6,41.86,12.15,9.078,20.19,66.88,27.58,45.2,25.98,41.12,17.79,36.29
4LIQ_1.pdb,151.4,41.98,19.4,14.56,26.22,66.54,33.78,53.57,32.65,49.04,18.02,36.75
1H0D_1.pdb,151.5,41.94,9.867,7.473,18.72,64.91,24.65,43.67,22.98,41.96,16.52,36.69
6D11_1.pdb,151.5,41.95,6.883,5.211,17.77,65.9,21.36,40.8,19.77,37.61,15.65,34.69
6H3T_1.pdb,151.5,41.88,12.88,9.793,19.71,64.74,27.51,46.22,20.69,40.37,20.86,36.53
6O39_1.pdb,151.5,42.13,9.492,7.273,20.05,65.21,23.32,46.07,19.02,36.37,16.9,34.24
5BO1_1.pdb,151.4,41.95,10.28,7.789,18.63,65.58,24.89,43.46,23.63,36.68,17.12,36.56
5ANM_2.pdb,151.2,42.01,12.17,9.078,20.23,65.48,26.85,45.2,20.64,41.67,19,35.1
6DB6_1.pdb,151.2,41.88,6.574,5.152,18.82,65.95,21.58,41.03,17.63,39.87,16.75,33
6DZZ_1.pdb,151,41.89,21.84,16.18,25.05,69.3,36.82,55.11,35.47,50.88,24.41,39.22
6B5R_1.pdb,151.3,42.06,6.633,4.895,17.22,65.38,21.44,39.65,20.05,39.68,16.22,37.13
6BDZ_1.pdb,150.6,41.73,17.82,13.35,21.52,66.14,33.46,52.68,30.44,48.2,22.85,36.59
5CSZ_1.pdb,151.3,41.82,6.316,4.953,17.64,65.36,21.18,41.74,19.89,39.84,16.34,36.62
5O1R_1.pdb,151.4,41.57,9.328,6.957,19.91,67.82,23.71,42.15,22.27,37.41,16.96,33.89
1NDM_1.pdb,153.3,42.07,9.648,7.215,16.44,65.5,22.26,46.41,20.7,41.62,15,34.91
6MLK_1.pdb,153.1,41.88,13.52,10.05,19.34,67.97,26.89,46.22,22.29,44.71,18.99,36.7
1PKQ_1.pdb,151.4,41.88,9.488,7.215,17.88,65.38,24.03,46.43,22.56,41.91,19.05,37.2
3EFD_1.pdb,150.9,41.94,7.184,5.41,18.18,64.62,22.31,44.55,21.32,36.71,16.54,35.95
1OAZ_1.pdb,151.5,42,9.25,6.957,19.04,66.88,23.84,43.2,19.57,41.46,18.97,36.07
6II8_1.pdb,151,41.88,15.27,11.27,22,69.14,30.48,47.55,22.84,46.17,17.23,36.42
3OPZ_2.pdb,151.2,41.95,23.87,17.57,25.52,71.89,38.75,56.86,30.07,52.57,20.73,42.45
4TQE_1.pdb,151.2,41.99,6.832,5.211,17.93,64.81,21.68,44.22,20.19,36.72,19.09,36.18
5K9Q_1.pdb,150.2,41.95,11.23,8.562,23.34,66.41,26.72,42.4,22.46,39.88,21.05,36.62
6DDR_1.pdb,150.5,41.77,8.688,6.699,20.66,65.62,23.65,43.09,20.21,41.27,17.66,36.49
5KAQ_1.pdb,151.3,42,20.35,15.07,24.45,66.55,35.47,54.27,34.04,49.64,22.79,36.16
5V6M_1.pdb,151.2,41.94,6.379,4.895,17.8,63.39,21.41,41.66,17.43,36.56,16.31,35.78
1XGQ_1.pdb,151.5,41.79,9.73,7.273,18.73,62.33,24.08,46.61,21.29,39.12,18.61,36.71
5LQB_1.pdb,151.2,41.95,9.926,7.531,21.01,63.88,24.87,43.69,19.46,39.75,17.75,36.48
4HFU_1.pdb,151.2,41.8,15.29,11.37,19.17,66.2,29.7,47.81,28.66,43.57,21.32,40.75
6N5D_1.pdb,151.3,42.15,14.23,10.62,19.7,65.85,27.76,46.29,24.95,44.47,17.87,34.23
3OPZ_1.pdb,151.6,41.98,23.61,17.6,26.26,70.2,38.32,53.41,34.89,52.53,20.46,36.67
5WI9_1.pdb,151.6,41.88,18.92,14.06,21.34,70.17,33.42,53.32,31.76,48.71,17.79,36.64
5V2A_1.pdb,151.4,41.93,15.29,11.32,22.71,68.31,30,47.59,28.18,46.05,20.95,36.42
3L5W_1.pdb,151.4,41.95,9.195,6.957,19.13,65.56,23.94,42.89,22.43,36.2,18.49,36.64
5Y11_1.pdb,151.4,41.79,15.34,11.35,19.39,66.64,30.05,47.81,22.37,42.41,20.98,38.76
6N5E_1.pdb,150.9,42,14.25,10.63,21.08,66.74,29.6,44.91,22.93,40.83,19.82,36.61
4RGM_1.pdb,151.3,41.95,13.13,9.793,21.2,65.84,27.98,42.96,26.45,44.63,20.25,39.11
1QGC_1.pdb,151.4,41.82,6.836,5.211,17.73,64.11,22.21,41.8,17.41,40.25,17.13,36.22
1R0A_1.pdb,151.4,42.06,19.01,14.44,23.09,69.65,32.71,52.85,22.96,49.09,18.98,34.5
1TZI_1.pdb,151.2,41.94,8.953,6.699,18.82,62.53,23.9,45.94,18.98,41.66,18.51,37.68
5CIN_1.pdb,151.4,42.02,6.652,5.211,17.78,65.17,21.42,41.59,16.71,39.68,16.2,34.64
1P2C_1.pdb,150.4,41.94,9.746,7.215,19.36,65.56,27.24,43.78,24,41.87,18.5,38.39
4HF5_1.pdb,151.3,41.95,15.6,11.73,21.56,66.01,30.47,45.79,28.96,40.8,20.46,40.51
5MO9_1.pdb,151.8,42.08,9.203,6.957,17.62,63.77,23.41,43.21,18.47,36.68,14.79,35.59
4MXV_1.pdb,151.7,42.02,10.18,7.473,19.38,64.98,24.04,43.8,23.23,38.27,17.3,32.81
4XAK_1.pdb,151.6,41.92,12.2,9.02,19.18,65.36,26.47,43.76,20.42,43.01,19.95,38.88
5VEB_1.pdb,151.2,41.94,9.066,7.016,19.22,65.86,24.59,46.24,19.52,40.13,18.67,34.23
4OGY_1.pdb,151.3,42.02,12.88,9.594,19.34,66.87,27.42,45.37,22.11,41.35,20.76,34.26
4FQK_1.pdb,151.9,41.89,15.89,11.77,20.65,67.85,30.04,48.16,28.74,46.26,21.61,37.71
4Z0X_1.pdb,151.4,41.93,6.309,4.953,17.38,65.71,21.14,44.13,19.09,39.34,17.12,37.17
4FQI_1.pdb,151.2,41.97,11.22,8.504,19.57,65.89,26.18,47.43,21.07,43.22,19.05,34.18
3RKD_1.pdb,151.1,42.02,10.21,7.73,19.73,66.09,25.41,46.2,20.79,42.29,17.43,37.21
6GK8_1.pdb,153.4,41.95,6.867,5.211,15.27,64.82,19.54,41.37,15.04,39.98,13.8,33.66
4ODX_1.pdb,151.5,41.88,10.32,7.73,18.47,65.3,24.95,47.2,19.45,38.26,16.67,36.49
5UGY_1.pdb,151.7,41.95,15.57,11.68,23.46,67.71,30.36,47.52,27.42,45.89,20.91,35.39
1A14_1.pdb,151.4,42.17,17.12,12.86,19.33,67.81,31.86,48.83,25.14,47.4,21.93,41.32
6N5B_1.pdb,153.6,41.81,12.57,9.535,18.52,67.12,25.29,48.74,23.85,37.45,17.26,35.73
6CBV_1.pdb,151.4,42.01,9.289,6.957,18.89,65.77,23.88,41.88,22.25,36.52,19.74,34.28
5UCB_1.pdb,151.3,42.06,10.58,8.047,18.46,63.44,28.38,43.49,24.69,42.54,17.49,36.57
2YPV_1.pdb,151.4,41.87,12.62,9.535,19.52,65.55,27.32,45.67,25.98,44.25,21.08,35.81
6N5E_2.pdb,152,41.88,14.18,10.68,20.66,65.9,28.32,46.6,25.01,41.12,20.84,34.41
4ZS6_1.pdb,151.3,41.96,12.17,9.078,18.74,65.36,26.95,45.38,25.19,37.24,17.39,37.82
4UU9_1.pdb,151.6,42,7.953,5.926,19.28,65.34,25.56,42.48,17.94,40.21,16.21,34.7
3PGF_1.pdb,151.4,42.08,16.48,12.3,22.31,65.82,31.47,48.34,29.68,46.79,21.66,36.39
4LMQ_1.pdb,150.8,42.18,7.91,5.984,18.27,65.1,22.92,44.85,18.89,40.57,16.5,34.57
4TUL_1.pdb,151.5,41.81,6.34,4.953,17.57,65.84,20.78,41.73,19.29,39.37,16.17,34.53
4XMK_1.pdb,151.9,41.57,6.574,5.211,17.69,62.05,19.86,41.91,16.95,38.84,16.13,35.02
5DUP_1.pdb,151.3,41.93,11.92,8.82,18.86,66.62,26.85,44.41,23.74,41.98,17.52,36.34
6N8D_1.pdb,151.6,41.9,14.98,11.26,24.34,67.73,29.6,50.43,26.91,46.14,22.79,36.99
3PNW_1.pdb,151.3,41.95,7.883,5.984,19.05,65.48,22.64,45.12,17.25,36.55,16.14,36.18
6D2P_1.pdb,153.5,41.93,10.71,7.988,18.11,63.86,23.21,43.98,19.63,36.78,14.85,35.81
2J4W_1.pdb,151.5,42.04,7.125,5.469,18.01,65.25,21.89,41.61,17.16,40.06,16.7,34.18
5XMH_1.pdb,151,42.02,12.21,9.078,19.32,68,26.72,45.28,22.68,36.84,20.56,35.85
6BZU_1.pdb,151.1,42.19,6.57,5.152,17.54,64.53,21.49,41.19,20.39,39.38,16.35,35.85
3U30_1.pdb,151.3,41.86,10.24,7.73,18.93,66,25.02,44.31,19.48,42.37,19.3,38.73
2ZCH_1.pdb,150.9,42.02,12.89,9.852,19.03,67.28,28.2,45.92,25.3,44.39,21.87,37.11
3WLW_1.pdb,150.9,42,21.86,16.06,25.34,66.67,36.86,55.09,35.36,44.96,24.52,35.7
5FB8_1.pdb,151.8,42,8.598,6.699,18.77,65.52,26.52,45.82,22.09,41.08,16.38,34.14
1IQD_1.pdb,151.3,42.01,10.54,8.047,20.22,65.61,27.65,42.36,19.8,42.54,16.94,39
5UMN_1.pdb,151.6,41.95,13.53,10.11,19.29,65.77,28.14,46.02,26.43,44.79,19.87,34.62
4YBQ_1.pdb,151.2,42.01,19.38,14.49,23.14,70.59,34.24,53.41,32.71,44.98,19.64,33.77
4HJ0_1.pdb,150.8,41.75,8.602,6.5,18.95,65.68,23.89,43.18,22.48,41.36,16.82,34.38
3G04_1.pdb,153.5,42.13,12.98,9.793,17.61,65.87,24.99,45.46,23.16,36.64,18.89,36.59
6AZZ_1.pdb,151,41.77,10.26,7.73,19.71,65.67,25.29,47.13,20.97,40.11,17.91,34.51
4DW2_1.pdb,151.5,42.02,12.52,9.594,19.26,68.23,27.27,48.5,26.2,41.13,20.19,39.52
3G5Y_1.pdb,153.4,42.17,6.57,4.895,15,65.06,19.29,41.11,15.68,33.61,14.76,35.96
3L5X_1.pdb,150.2,42.01,9.199,6.957,19.54,65.28,25.03,42.71,23.5,41.38,17.66,36.9
3KR3_1.pdb,151.2,41.77,7.941,5.926,17.68,65.41,22.91,44.89,18.2,36.22,16.49,37.97
5EU7_1.pdb,153,41.94,10.59,8.047,17.54,65.32,23.78,47.05,22.21,36.87,18.14,38.7
4F2M_1.pdb,151.3,41.93,10.52,8.047,18.41,65.38,25.54,43.5,22.94,37.01,19.32,36.51
1MVU_1.pdb,151.4,41.84,6.918,5.152,18.01,65.02,21.29,44.35,20.21,34.14,16.88,35.68
2ARJ_1.pdb,151.6,42,9.488,7.273,18.05,65.7,23.6,43.22,18.53,35.82,16.9,35.42
4BZ1_1.pdb,151.2,41.57,8.941,6.699,18.87,65.91,23.84,43.77,19.19,36.81,16.44,36.13
5LSP_1.pdb,151.4,42.09,12.52,9.277,22.17,64.96,26.93,48.22,24.65,43.85,22.42,36
3GO1_1.pdb,151.4,41.95,6.578,5.211,17.59,65.18,21.39,44.3,20.06,35.77,18.22,17.66
5F3H_1.pdb,151.3,41.55,8.941,6.699,18.46,65.94,23.79,46.25,22.35,41.8,16.88,36.82
5BK1_2.pdb,151.5,41.88,16.51,12.38,20.99,65.27,31.07,48.23,21.9,47.03,21.25,36.68
1YNT_1.pdb,151.4,41.8,12.96,9.852,19.29,65.2,28.03,45.95,21.22,42.08,17.33,32.97
3NH7_1.pdb,151.2,41.95,8.555,6.5,19.04,65,23.27,42.58,17.18,40.76,18.43,32.53
4JLR_1.pdb,151.5,41.92,8.695,6.699,18.47,64.1,23.31,43.03,21.18,40.93,19.86,32.51
4P3C_1.pdb,151.2,42.05,6.566,5.152,18.31,65.69,20.45,44.1,20.25,36.56,16.19,32.77
4PY8_1.pdb,152.9,41.88,11.21,8.562,18.97,66.1,24.85,44.79,18.5,42.95,16.73,34.04
3RAJ_1.pdb,151.5,42.02,12.95,9.535,19.02,66.79,27.25,45.62,25.73,44.25,20.7,33.67
3UJI_1.pdb,151.3,41.93,6.859,5.211,17.65,65.85,21.43,44.61,17.39,36.74,15.76,33.7
