PDB,Interface (Afpdb),Interface (Afpdb2),Interface (BioPython),Interface (Biopython 2),Align (Afpdb),Align (Biopython),RMSD (Afpdb),RMSD (Biopython),B-factor (Afpdb),B-factor (Biopython),N_interface,N_Ab,N_ag,Ratio_interface,Ratio_align,Ratio_RMSD,Ratio_B-factor
6AOD_1,23.42,11.89,130.5,13.5,1.709,7.962,0.1436,1.131,0.1309,1.174,53,220,236,0.8804,0.2146,0.127,0.1115
3JBQ_1,32.89,11.63,140.4,19.89,0.5057,9.225,0.1424,1.199,0.1527,1.601,49,222,328,0.5846,0.05482,0.1188,0.09541
6FY3_1,6.928,6.435,61.53,6.017,0.3629,4.679,0.1345,0.5723,0.09055,0.593,35,241,15,1.069,0.07756,0.235,0.1527
6E4X_1,17.68,11.66,126.7,14.51,0.4705,8.638,0.1437,0.9806,0.1448,1.399,51,236,275,0.8036,0.05446,0.1466,0.1035
4EDW_1,17.13,10.42,88.49,7.869,1.781,5.739,0.1344,0.727,0.109,0.8283,38,231,106,1.324,0.3103,0.1848,0.1316
2UZI_1,20.38,8.799,103.1,14.39,0.4077,6.474,0.1423,0.903,0.1155,1.015,52,218,166,0.6114,0.06297,0.1576,0.1138
3H0T_1,6.318,6.077,67.21,5.82,0.3364,4.384,0.1311,0.561,0.09156,0.5836,34,235,22,1.044,0.07672,0.2337,0.1569
3UBX_1,28.91,10.11,130.4,18.18,0.4673,8.442,0.1419,1.121,0.1401,1.387,54,229,275,0.5558,0.05536,0.1266,0.101
5TLK_1,17.69,7.731,71.03,6.8,1.496,5.305,0.1372,0.7224,0.1024,0.7216,43,230,75,1.137,0.2821,0.1899,0.1419
6CSE_1,22.25,12.15,183.7,16.58,0.533,10.23,0.1458,1.433,0.1694,1.76,57,223,431,0.7328,0.05212,0.1018,0.09626
2VIT_1,22.78,9.752,124.5,12.71,0.4633,8.34,0.1345,0.9022,0.1383,1.389,38,234,267,0.7674,0.05556,0.1491,0.09957
3SOB_1,28.61,11,140.1,14.41,0.4729,9.129,0.1383,1.16,0.1494,1.497,44,236,305,0.7629,0.05181,0.1192,0.09979
1EO8_1,24.3,10.42,130.6,14.09,1.55,9.241,0.1439,1.194,0.1506,1.491,44,225,319,0.7399,0.1677,0.1205,0.101
1FDL_1,14.47,7.64,93.63,9.04,0.3998,6.044,0.1362,0.7839,0.1144,0.9218,38,225,129,0.8451,0.06616,0.1738,0.1241
1FBI_1,14.06,9.115,91.05,10.29,0.4133,6.275,0.1419,0.888,0.113,0.9214,54,231,129,0.8857,0.06586,0.1597,0.1226
6MHR_1,11.52,8.274,87.64,9.6,0.4096,6.417,0.1386,0.8219,0.1152,0.9245,42,233,140,0.8619,0.06382,0.1686,0.1246
6C6Y_1,19.31,10.03,106.1,10.58,0.987,7.302,0.1399,0.8783,0.1271,1.11,36,227,208,0.9475,0.1352,0.1593,0.1145
1NCA_1,36.67,12.79,178.2,17.4,0.5305,10.45,0.1474,1.341,0.1656,1.717,57,229,389,0.7351,0.05074,0.11,0.09645
5ANM_3,13.88,8.178,109,10.67,0.4288,7.293,0.1261,0.8375,0.1282,1.132,22,234,206,0.7668,0.0588,0.1505,0.1133
4IJ3_1,35.51,9.123,114.2,12.24,0.454,7.935,0.1437,1.082,0.134,1.25,54,227,237,0.7454,0.05722,0.1328,0.1072
5VPL_1,18.97,11.25,113.6,11.7,1.189,7.583,0.1374,0.9873,0.1324,1.217,38,230,223,0.962,0.1568,0.1392,0.1088
6A67_1,16.79,9.131,128,11.08,0.434,7.426,0.1395,0.9364,0.1262,1.133,43,237,205,0.8243,0.05845,0.149,0.1114
4N9G_1,6.701,6.434,73.54,6.555,0.3527,4.728,0.1312,0.6201,0.09358,0.6277,36,235,36,0.9815,0.07459,0.2115,0.1491
4XGZ_1,4.993,5.576,65.98,5.387,0.3388,4.141,0.1302,0.5753,0.0865,0.5386,35,224,12,1.035,0.08183,0.2263,0.1606
5E8D_1,13.2,8.002,63.28,6.448,0.7727,4.838,0.143,0.6911,0.09503,0.6629,51,224,43,1.241,0.1597,0.2069,0.1434
4F3F_1,12.92,6.231,67.23,6.904,0.3736,5.223,0.1378,0.719,0.09664,0.7022,45,227,59,0.9025,0.07153,0.1916,0.1376
2OZ4_1,31.18,9.486,114.1,12.6,0.4498,8.368,0.1428,1.076,0.1412,1.348,46,223,265,0.7531,0.05376,0.1327,0.1048
3A6B_1,11.5,7.658,90.75,8.937,0.4002,6.116,0.1355,0.7788,0.1087,0.8583,36,220,129,0.8568,0.06544,0.1739,0.1267
5FHC_2,7.813,12.53,72.09,6.88,1.824,5.501,0.1289,0.6564,0.1074,0.7547,23,232,98,1.822,0.3316,0.1964,0.1423
5IQ9_1,6.042,5.878,69.67,5.937,0.3548,4.66,0.1328,0.5848,0.09119,0.6299,33,242,18,0.9901,0.07613,0.227,0.1448
2XWT_1,47.97,10.85,117.9,13.15,0.4607,8.082,0.1513,1.202,0.1355,1.227,69,231,234,0.8254,0.05701,0.1258,0.1105
4FQY_1,25.26,13.15,106.4,14.14,0.4239,6.82,0.1435,0.9554,0.1195,1.051,54,233,172,0.9305,0.06216,0.1502,0.1137
3GBM_2,21.99,12.04,103.4,12.18,1.547,6.658,0.1413,0.9238,0.1201,1.088,41,231,173,0.9883,0.2323,0.1529,0.1104
4KI5_1,19.07,7.674,97.1,9.48,0.4084,6.427,0.135,0.8688,0.116,0.9375,44,223,154,0.8095,0.06355,0.1554,0.1238
2DQF_1,8.529,7.17,86.01,8.244,0.3921,5.929,0.1252,0.7271,0.1101,0.871,30,220,129,0.8697,0.06613,0.1722,0.1264
1ADQ_1,17.44,9.289,102.8,11.51,0.433,7.451,0.1367,0.9608,0.1253,1.137,45,233,206,0.8072,0.05812,0.1423,0.1102
1MHP_1,16.5,9.793,100.6,11.44,1.135,7.019,0.14,0.8741,0.1238,1.012,38,226,184,0.8558,0.1617,0.1602,0.1224
6DDM_1,17.02,6.724,74.7,7.542,0.3835,5.465,0.1396,0.7648,0.1051,0.7214,46,227,88,0.8916,0.07017,0.1825,0.1457
4ZFO_1,8.123,5.93,62.49,5.972,0.3568,4.692,0.1355,0.6414,0.09377,0.6216,42,230,35,0.9929,0.07604,0.2113,0.1508
6MV5_1,7.751,7.383,65.75,7.617,0.3549,4.577,0.1333,0.6149,0.08852,0.578,36,230,19,0.9692,0.07753,0.2167,0.1531
6R2S_1,29.92,10.01,135.6,13.72,1.7,9.267,0.1451,1.128,0.1471,1.477,42,228,299,0.7292,0.1834,0.1286,0.09956
4IDJ_1,37.63,17.15,126,13.46,0.4691,8.628,0.1393,1.047,0.1474,1.411,38,235,276,1.274,0.05437,0.133,0.1045
2LTQ_2,12.42,8.237,98.64,9.543,0.4228,6.486,0.1372,0.8547,0.119,0.9824,40,234,148,0.8632,0.06518,0.1605,0.1211
6BZY_1,4.742,5.427,55.82,5.321,0.3444,4.339,0.1252,0.5325,0.08968,0.5618,26,233,11,1.02,0.07939,0.2352,0.1596
6IAP_2,34.7,10.62,97.29,11.28,1.347,7.027,0.1473,0.9792,0.1218,1.034,54,230,182,0.9413,0.1917,0.1505,0.1178
5VOB_1,15.11,7.727,101.4,9.673,0.4194,7.241,0.1304,0.8332,0.119,1.053,30,233,170,0.7988,0.05792,0.1564,0.113
5O4G_1,9.398,13.39,186.5,19.97,0.5929,12.44,0.139,1.531,0.1931,2.222,41,231,530,0.6706,0.04767,0.09079,0.0869
5VIC_1,11.14,7.256,79.66,7.55,0.374,5.541,0.1343,0.7787,0.1032,0.7187,44,232,83,0.9611,0.0675,0.1725,0.1436
3W9E_1,33.05,11.32,120.2,13.33,1.627,7.776,0.1445,1.14,0.1317,1.189,60,232,229,0.8493,0.2093,0.1267,0.1107
5T5B_1,10.04,8.392,89.44,9.934,0.4099,6.69,0.1346,0.8257,0.1182,1.036,35,242,152,0.8447,0.06127,0.163,0.114
5UQY_1,12.04,10.02,108.2,10.79,0.4088,6.622,0.1429,0.9109,0.1166,0.9615,52,234,144,0.9284,0.06174,0.1569,0.1213
6O3A_1,16.12,8.856,79.98,9.665,0.4238,6.045,0.1405,0.8203,0.1111,0.8754,45,229,118,0.9163,0.07011,0.1713,0.127
3O41_1,4.535,5.626,54.46,4.92,1.24,4.32,0.125,0.5108,0.08696,0.5396,25,233,10,1.143,0.2871,0.2448,0.1612
3U9P_1,14.39,8.437,89.05,10.05,0.4123,6.623,0.1371,0.8463,0.1178,1.022,37,223,166,0.8394,0.06226,0.162,0.1153
6B70_1,35.33,29.57,310.4,32.84,0.865,19.91,0.1609,2.288,0.289,3.785,43,229,949,0.9006,0.04344,0.0703,0.07635
4M5Z_1,11.45,10.03,121.9,11.55,0.4596,7.553,0.1433,1.005,0.133,1.19,50,235,210,0.8683,0.06085,0.1427,0.1118
1YJD_1,18.41,13.31,82.06,9.561,1.752,5.964,0.148,0.8566,0.1118,0.821,56,228,118,1.393,0.2938,0.1727,0.1361
3GI9_1,25.78,16.11,165.6,20.15,0.5714,11.13,0.1493,1.503,0.1783,1.892,60,239,437,0.7993,0.05134,0.09932,0.09422
2H9G_1,18.9,7.348,78.06,7.415,0.3667,5.123,0.1389,0.7019,0.09889,0.7305,45,230,64,0.991,0.07159,0.1979,0.1354
4TSB_1,15.34,7.569,86.17,8.97,0.396,6.154,0.1336,0.7688,0.1129,0.8604,34,230,129,0.8438,0.06436,0.1737,0.1313
5VCN_1,16.36,10.49,107.5,11.31,1.693,7.605,0.139,0.9809,0.1296,1.152,40,228,222,0.9273,0.2226,0.1417,0.1125
3PP4_1,7.314,6.307,62.95,6.314,0.3488,4.524,0.136,0.6182,0.09239,0.5973,43,234,24,0.9989,0.07709,0.22,0.1547
5W9I_1,40.38,20.27,174.2,19.87,0.5893,11.47,0.1464,1.547,0.1772,1.953,50,230,463,1.02,0.05139,0.09465,0.09073
2OSL_1,5.192,5.177,60.9,5.297,0.3339,4.292,0.1253,0.5329,0.08814,0.5597,24,230,20,0.9773,0.07781,0.2352,0.1575
5Y2L_1,11.52,8.176,95.91,10.26,1.416,6.992,0.1378,0.8213,0.1213,1.061,34,238,163,0.7969,0.2026,0.1678,0.1143
3ZKM_1,23.66,26.52,152.4,22.45,0.5271,10.14,0.1553,1.446,0.1627,1.649,72,228,375,1.181,0.05199,0.1074,0.09869
2DQE_1,15.12,7.897,94.32,13.58,0.3972,5.992,0.1341,0.7868,0.1118,0.8899,42,220,129,0.5817,0.06629,0.1705,0.1257
4ZTO_1,5.409,5.845,60.67,5.652,0.3423,4.281,0.1333,0.5914,0.08822,0.5458,35,239,11,1.034,0.07995,0.2253,0.1616
1ORQ_1,16.04,9.234,101,10.17,0.9614,7.602,0.1319,0.8858,0.1309,1.1,27,228,223,0.908,0.1265,0.149,0.119
6B0H_1,15.43,8.474,100.2,13.97,0.4226,6.723,0.1397,0.9294,0.1202,0.9653,42,229,168,0.6065,0.06286,0.1503,0.1245
5TL5_1,8.372,7.833,70.86,8.396,0.378,5.634,0.1334,0.7595,0.1067,0.8025,35,233,99,0.933,0.06708,0.1756,0.1329
2AEP_1,24.66,13.42,157.1,17.87,0.5189,10.37,0.1457,1.313,0.1655,1.824,47,229,388,0.7508,0.05004,0.111,0.09072
1KEN_1,29.57,11.32,130.9,14.87,1.69,9.269,0.147,1.218,0.1507,1.472,51,230,320,0.7617,0.1823,0.1207,0.1024
5K59_1,16.97,11.18,139.6,14.77,0.4816,8.917,0.1405,1.106,0.1508,1.465,44,229,292,0.7571,0.05402,0.1271,0.1029
3GBN_1,21.08,7.323,96.26,9.545,0.4186,6.471,0.1281,0.6788,0.1204,1.042,32,233,173,0.7673,0.06469,0.1887,0.1155
4XH2_3,4.721,5.412,58.37,5.193,0.3345,4.163,0.1276,0.5555,0.08505,0.5146,32,223,12,1.042,0.08034,0.2296,0.1653
4UV7_1,54.17,20.66,200.5,27.55,1.463,13.67,0.1494,1.772,0.2081,2.484,56,237,596,0.7497,0.107,0.08428,0.08379
1P4B_1,4.167,4.811,58.93,4.721,0.3216,4.098,0.1231,0.4706,0.08661,0.5097,22,221,12,1.019,0.07848,0.2615,0.1699
1OSP_1,40.3,8.699,112.7,11.14,0.446,7.86,0.1267,0.8902,0.1386,1.222,24,229,251,0.7811,0.05674,0.1423,0.1134
4HG4_2,17.92,10.39,136,14.18,0.4809,9.208,0.1396,1.173,0.1518,1.571,45,230,324,0.7332,0.05223,0.119,0.09666
4G6A_1,5.568,6.325,58.2,5.076,1.391,4.216,0.1256,0.5157,0.08713,0.5427,27,231,12,1.246,0.3299,0.2436,0.1606
4XH2_1,4.73,5.167,65.99,5.162,0.3376,4.037,0.1285,0.5343,0.08451,0.5256,33,222,12,1.001,0.08363,0.2405,0.1608
5NGV_1,27.06,8.9,79.2,9.644,0.3859,5.509,0.1453,0.8307,0.1016,0.7407,64,224,93,0.9229,0.07004,0.175,0.1371
1RVF_1,33.14,8.966,119.2,12.37,0.465,8.344,0.1234,0.9126,0.1407,1.331,19,227,273,0.7247,0.05573,0.1352,0.1057
2DQG_1,18.23,13.67,81.57,8.298,1.634,5.968,0.1413,0.77,0.1114,0.8307,42,220,129,1.647,0.2738,0.1835,0.1341
1IC4_1,17.63,15.58,85.58,9.243,0.4016,5.896,0.1403,0.8078,0.1103,0.859,47,220,129,1.686,0.06812,0.1737,0.1283
4D9Q_1,24.64,15.07,98.05,11.31,0.4469,7.58,0.1379,1.014,0.1288,1.202,46,225,228,1.333,0.05896,0.136,0.1072
3MXW_1,13.28,9.226,99.15,10.32,0.424,6.567,0.1404,0.8977,0.116,0.9483,50,229,153,0.8936,0.06457,0.1564,0.1223
2DD8_1,8.098,7.89,98.12,10.44,1.276,7.043,0.1305,0.8367,0.1245,1.036,29,227,192,0.7558,0.1812,0.156,0.1202
4K24_1,24.17,14.33,128.4,16.66,0.4694,8.174,0.1439,1.15,0.1403,1.356,58,233,273,0.8602,0.05742,0.1251,0.1035
1J1P_1,13.48,8.299,93.16,9.277,0.3983,5.99,0.138,0.8006,0.1096,0.8436,46,220,129,0.8946,0.0665,0.1724,0.1299
3VI3_1,54.17,18.39,177.5,18.06,0.5627,11.05,0.1468,1.432,0.1722,1.927,55,232,432,1.018,0.05091,0.1025,0.0894
1N64_1,6.548,7.02,60.11,5.537,1.573,4.458,0.128,0.5966,0.08977,0.5679,27,233,16,1.268,0.3529,0.2146,0.1581
5ZV3_1,5.115,6.207,65.26,5.909,0.3475,4.421,0.1293,0.5817,0.09005,0.5795,32,237,12,1.05,0.07861,0.2223,0.1554
4BZ2_1,13.14,8.828,93.89,9.318,0.3947,5.732,0.1386,0.7819,0.1067,0.8313,42,230,101,0.9474,0.06887,0.1773,0.1283
5VAG_1,25.57,9.679,102.3,11.56,0.4312,7.475,0.146,1.02,0.1284,1.175,51,230,209,0.8372,0.05769,0.1431,0.1093
5KVF_1,27.17,13.11,90,8.435,1.459,5.87,0.1391,0.7883,0.1093,0.8787,42,234,105,1.555,0.2486,0.1764,0.1244
4HPO_1,7.346,7.103,68.49,6.515,0.3528,4.714,0.1342,0.6296,0.09004,0.6028,42,239,15,1.09,0.07484,0.2131,0.1494
6H3U_1,35.26,11,121.9,13.29,0.4666,8.279,0.1396,1.036,0.1375,1.351,44,231,245,0.8281,0.05636,0.1347,0.1018
4JZO_1,5.372,5.755,64.4,5.601,0.3488,4.301,0.1292,0.5395,0.08896,0.5456,32,226,11,1.028,0.0811,0.2395,0.1631
5U3O_1,7.781,7.431,63.6,6.216,1.71,4.525,0.1321,0.4484,0.09272,0.598,34,243,17,1.196,0.3779,0.2947,0.155
5GGR_1,18.32,7.376,92.69,8.277,0.382,5.758,0.1376,0.7846,0.1077,0.8201,43,222,117,0.8912,0.06636,0.1754,0.1313
2LTQ_1,15.81,9.856,97.89,12.37,0.4185,6.212,0.1384,0.8552,0.1148,0.9232,46,230,148,0.7969,0.06737,0.1619,0.1244
5DUR_1,31.95,10.32,115.8,12.12,0.4354,7.457,0.1419,1.002,0.1264,1.12,54,233,212,0.8514,0.05839,0.1416,0.1129
2JEL_1,15.11,8.107,73.68,7.196,1.311,5.839,0.1396,0.7602,0.1032,0.7505,41,232,85,1.127,0.2246,0.1836,0.1375
5USL_2,22.92,10.18,118.5,12.91,0.4575,8.132,0.1461,1.102,0.1305,1.272,56,230,226,0.7883,0.05626,0.1326,0.1026
5KW9_1,36.04,13.55,137.7,16.03,0.483,8.626,0.1479,1.177,0.1472,1.413,60,238,289,0.8448,0.056,0.1256,0.1042
4HC1_1,16.96,9.044,107.6,10.7,0.4336,7.09,0.138,0.9131,0.1248,1.067,40,227,198,0.8451,0.06115,0.1511,0.1169
1BJ1_1,12.01,12.4,94.99,8.263,2.097,5.673,0.1358,0.7435,0.1051,0.7959,37,233,94,1.501,0.3697,0.1826,0.132
6B3M_1,20.75,11.27,102.4,12.7,0.4195,6.595,0.1395,0.9141,0.1199,0.992,47,229,175,0.8876,0.0636,0.1526,0.1209
1UJ3_1,23.78,10.03,104.6,12.03,0.4393,7.391,0.1437,1.042,0.1246,1.123,59,227,205,0.8338,0.05944,0.138,0.1109
5W3M_1,11.18,9.448,104.3,11.85,0.4406,7.545,0.139,1.003,0.1386,1.16,44,223,236,0.7971,0.05839,0.1386,0.1194
4LU5_1,15.74,8.748,78.23,7.835,0.9364,5.577,0.1389,0.7158,0.1028,0.8004,39,227,86,1.116,0.1679,0.1941,0.1285
3GRW_1,20.68,10.31,127.6,12.83,0.4525,7.775,0.152,1.09,0.1295,1.157,65,237,206,0.8036,0.0582,0.1395,0.112
2QR0_1,16.02,9.054,76.13,9.841,0.3976,5.631,0.1419,0.8158,0.1062,0.7906,49,230,95,0.92,0.07062,0.1739,0.1343
4KXZ_1,9.943,7.731,96.08,8.627,0.3835,5.827,0.1362,0.758,0.1094,0.8233,37,231,112,0.8961,0.06582,0.1797,0.1329
4RGN_2,16.77,11.37,118.6,12.34,1.234,8.099,0.1404,1.013,0.1311,1.232,39,233,220,0.9217,0.1523,0.1386,0.1064
2NR6_1,20.73,11.52,147.6,15.39,0.5106,9.339,0.1459,1.236,0.1531,1.48,58,225,329,0.7486,0.05467,0.118,0.1034
1G7J_1,16.97,7.886,86.02,8.805,0.3872,5.899,0.1369,0.7725,0.1088,0.914,39,219,129,0.8957,0.06564,0.1772,0.1191
6B0E_1,16.85,9.023,93.84,10.11,0.4265,6.778,0.1438,0.9055,0.1206,1.039,52,240,157,0.8926,0.06293,0.1588,0.116
2BDN_1,19.27,7.303,69.05,6.47,1.46,5.109,0.1379,0.6943,0.09912,0.7493,40,226,68,1.129,0.2858,0.1986,0.1323
6E56_1,11.66,13.58,130.1,15.68,0.4728,8.723,0.1424,1.143,0.1416,1.394,48,240,272,0.8664,0.0542,0.1246,0.1016
4JQI_1,37.54,15.28,146.3,18.78,0.5271,9.625,0.1508,1.319,0.1585,1.701,60,229,353,0.8137,0.05476,0.1143,0.09313
1TZH_1,11.85,6.984,73.92,8.213,0.3714,5.578,0.1338,0.7211,0.1032,0.8341,36,231,94,0.8504,0.06658,0.1855,0.1237
6JMR_2,37.8,13.58,151.5,18.26,1.842,11.07,0.1451,1.416,0.1733,1.929,43,233,421,0.7435,0.1664,0.1024,0.08985
3WKM_1,14.05,9.143,100.6,10.99,0.4347,7.335,0.1418,0.9457,0.1221,1.099,45,236,176,0.8323,0.05926,0.1499,0.1111
6FLB_1,10.8,7.633,71.51,8.59,0.3889,5.754,0.1376,0.8025,0.1054,0.8247,43,230,100,0.8885,0.06759,0.1714,0.1278
2B2X_1,18.08,9.38,111.4,11.3,0.4279,7.167,0.1384,0.9016,0.124,1.113,42,226,188,0.8298,0.05971,0.1535,0.1114
5EOC_1,5.276,5.952,55.05,5.405,1.648,4.251,0.127,0.5539,0.08931,0.5646,31,232,13,1.101,0.3875,0.2294,0.1582
4YQX_1,18.38,8.184,88.52,9.509,0.4031,6.468,0.1381,0.865,0.11,0.9093,41,236,122,0.8607,0.06233,0.1597,0.121
5WTH_1,31.21,7.618,107.5,10.1,0.4339,7.208,0.126,0.9066,0.13,1.24,27,228,217,0.7542,0.0602,0.139,0.1049
5W6G_1,30.44,12.06,139,15.22,0.5049,9.416,0.1331,1.145,0.1546,1.589,32,239,326,0.7922,0.05362,0.1163,0.09729
5CIL_1,7.149,6.223,56.61,5.504,2.082,4.429,0.1347,0.6058,0.08795,0.5572,42,237,13,1.131,0.4701,0.2223,0.1579
4CAD_1,21.22,17.01,124,13.46,0.4731,8.34,0.147,1.125,0.1372,1.326,60,232,250,1.264,0.05673,0.1307,0.1034
5W06_1,21.77,17.88,119.1,12.04,0.4425,7.716,0.1464,1.057,0.128,1.112,61,236,198,1.485,0.05736,0.1384,0.1152
5DUM_1,21.4,9.159,103.8,11.39,0.4386,7.579,0.1394,0.9739,0.1272,1.132,48,235,197,0.8043,0.05787,0.1431,0.1124
3I50_1,13.74,11.69,122,14.51,1.678,8.122,0.1355,1.06,0.1426,1.364,37,229,273,0.8057,0.2066,0.1279,0.1045
4Q6I_1,23.85,12.54,109.8,13.74,0.4241,7.055,0.1432,0.9641,0.1266,1.076,54,233,182,0.9122,0.0601,0.1485,0.1177
4NRX_2,13.64,5.933,57.31,5.901,0.3428,4.451,0.1307,0.556,0.08907,0.5739,35,240,14,1.005,0.07703,0.2351,0.1552
5F3B_1,9.499,7.508,82.82,8.357,0.3902,5.783,0.1376,0.7994,0.1043,0.7933,47,226,106,0.8984,0.06747,0.1722,0.1315
4WV1_1,29.32,13.63,99.51,10,1.658,5.74,0.1445,0.838,0.1064,0.7782,57,237,98,1.362,0.2889,0.1724,0.1368
4GLR_1,3.636,4.42,54.61,4.529,0.3362,4.031,0.1227,0.4643,0.08836,0.5099,20,234,9,0.9759,0.08342,0.2643,0.1733
6D6U_1,22.52,17.51,138.4,15.64,0.4885,9.382,0.1381,1.139,0.1517,1.538,40,222,336,1.12,0.05207,0.1213,0.0986
5VJQ_1,9.985,8.186,95.13,9.182,0.398,6.007,0.1367,0.7691,0.1086,0.8392,39,222,126,0.8915,0.06627,0.1778,0.1294
4MHJ_1,31.48,13.58,138.9,17.05,1.778,9.159,0.144,1.219,0.1522,1.534,52,231,322,0.7969,0.1941,0.1182,0.09921
4QCI_1,8.74,8.096,80.72,8.464,0.3779,5.499,0.1337,0.7153,0.1027,0.7603,37,227,92,0.9565,0.06872,0.1869,0.1351
4JPK_1,19.8,10.29,99.87,11.42,0.4127,6.721,0.1387,0.9279,0.1194,0.9842,49,227,169,0.9012,0.0614,0.1495,0.1213
1EGJ_1,12.17,9.012,68.07,17.53,0.3919,5.936,0.1383,0.7645,0.1072,0.8175,43,233,101,0.5141,0.06602,0.1809,0.1312
3MJ9_1,14.78,10.58,111.5,13.86,1.074,7.882,0.1443,1.081,0.1308,1.222,56,226,229,0.7634,0.1363,0.1335,0.1071
5O14_1,23.92,13.99,111.5,15.08,0.4419,7.608,0.1433,1.056,0.1343,1.162,53,233,229,0.9275,0.05808,0.1357,0.1156
3U0T_1,4.969,5.875,60.39,5.594,0.3401,4.282,0.1309,0.5728,0.08824,0.5412,36,231,11,1.05,0.07942,0.2286,0.1631
6HF1_1,34.25,10.81,116.2,12.99,0.4369,7.669,0.1382,1.014,0.1313,1.206,42,225,238,0.8327,0.05697,0.1363,0.1089
1NMC_1,38.43,12.75,186.9,17.15,1.756,10.66,0.1485,1.376,0.167,1.876,59,231,388,0.7435,0.1648,0.1079,0.08901
5UTZ_1,17.78,8.303,88.11,9.482,0.4049,6.254,0.1423,0.8808,0.1118,0.9231,53,233,126,0.8757,0.06473,0.1615,0.1211
5B71_1,11.27,15.47,74.06,8.43,0.3832,5.737,0.1366,0.7561,0.1044,0.7897,42,235,92,1.836,0.0668,0.1807,0.1322
3BSZ_1,21.85,14.52,96.27,10.5,0.4218,6.915,0.1398,0.9262,0.1214,1.06,44,231,174,1.384,0.061,0.151,0.1146
3D9A_1,15.36,8.631,85,9.24,1.297,5.967,0.1389,0.7832,0.1107,0.8578,44,222,129,0.9341,0.2173,0.1773,0.129
2I9L_1,14.06,9.007,98.67,10.36,0.4264,6.693,0.1355,0.8832,0.1198,1.04,44,233,173,0.8689,0.0637,0.1534,0.1152
5U3N_1,7.84,6.555,70.07,6.625,0.3534,4.945,0.1364,0.6786,0.09508,0.6439,40,244,23,0.9894,0.07146,0.2011,0.1477
6H5N_1,20.91,7.663,88.9,9.091,0.3896,6.138,0.1373,0.866,0.1151,0.9022,46,232,128,0.8429,0.06346,0.1585,0.1275
5L6Y_1,6.377,10.6,71.23,6.606,1.3,5.396,0.1286,0.6454,0.104,0.7455,29,231,94,1.605,0.241,0.1993,0.1396
5JHL_1,21.4,10.49,143,15.11,0.509,10.08,0.1295,1.171,0.1611,1.654,30,224,385,0.6938,0.05048,0.1106,0.09741
4O9H_1,12.29,9.316,97.78,10.57,0.4237,6.446,0.1393,0.8661,0.1205,1.036,44,230,152,0.8811,0.06573,0.1608,0.1163
3B2U_1,24.93,9.593,108.9,11.24,0.4336,7.093,0.1422,0.9943,0.1304,1.087,49,231,193,0.8533,0.06114,0.143,0.1199
5TLJ_3,15.31,7.654,72.71,10.76,2.055,5.324,0.1396,0.7187,0.1014,0.7195,39,231,74,0.7112,0.386,0.1942,0.1409
4LQF_1,7.454,7.044,77.89,7.37,0.3759,5.457,0.1314,0.6657,0.1014,0.7122,32,231,78,0.9558,0.06889,0.1974,0.1424
4M1D_1,5.732,5.803,60.22,5.78,0.3621,4.49,0.1288,0.5762,0.09405,0.5891,29,245,14,1.004,0.08064,0.2235,0.1596
6FGB_1,14.26,12.97,127.6,15.49,0.4635,8.471,0.1474,1.159,0.1404,1.381,55,231,265,0.8373,0.05472,0.1271,0.1017
5GGS_1,25.11,12.89,75.43,8.326,1.867,6.096,0.1456,0.8458,0.11,0.913,51,233,113,1.548,0.3063,0.1722,0.1205
5BJZ_1,33.05,19.07,145.5,16.62,0.5151,10.27,0.1449,1.337,0.1656,1.667,52,236,367,1.147,0.05014,0.1084,0.09934
5C0S_1,18.27,8.679,119.8,11.98,0.4491,7.799,0.1388,0.8329,0.1376,1.233,39,233,242,0.7243,0.05758,0.1667,0.1115
1UWX_1,5.013,5.287,62.35,5.281,0.3442,4.291,0.1304,0.571,0.08971,0.5692,35,231,13,1.001,0.08023,0.2283,0.1576
4QNP_1,22.7,13.29,179.7,17.74,1.58,9.994,0.1506,1.375,0.1651,1.69,57,232,386,0.7492,0.1581,0.1095,0.0977
1NFD_1,10.65,10.73,129.2,12.79,0.4574,7.962,0.1364,0.9807,0.1343,1.26,40,230,239,0.839,0.05745,0.139,0.1066
3LZF_1,11.7,11.97,142.8,15.1,0.4884,9.333,0.1414,1.176,0.1633,1.517,45,239,323,0.7925,0.05234,0.1202,0.1077
6D01_1,5.991,7.101,64.27,6.606,0.3387,4.4,0.1337,0.6229,0.08817,0.5571,43,232,19,1.075,0.07698,0.2147,0.1583
5B8C_1,26.54,13.43,84.34,9.297,1.576,6.113,0.1473,0.8777,0.1124,0.8121,56,230,116,1.445,0.2579,0.1678,0.1384
6IEC_1,10.01,11.04,127.4,13.62,0.4775,8.65,0.1434,1.184,0.1441,1.387,52,226,301,0.8104,0.0552,0.1212,0.1039
6ATT_1,34.7,16.27,203,27.6,0.6204,13.01,0.148,1.722,0.202,2.227,55,237,567,0.5894,0.04769,0.08598,0.09069
5DFV_1,14.69,7.523,75.35,8.045,0.3685,5.395,0.1368,0.7143,0.1051,0.7469,43,233,88,0.9351,0.06831,0.1915,0.1408
3D0L_1,5.574,6.848,57.95,5.173,1.804,4.316,0.129,0.5393,0.08762,0.5393,32,235,10,1.324,0.418,0.2392,0.1625
6BPE_1,29.12,16.36,133.8,14.45,0.4771,8.999,0.1403,1.13,0.147,1.482,46,221,299,1.132,0.05302,0.1242,0.09921
4O58_1,13.14,18.85,132.4,14.03,0.482,8.836,0.1297,0.913,0.1522,1.475,28,244,317,1.344,0.05455,0.1421,0.1032
4I18_1,22.6,7.746,110.1,9.887,0.4154,8.328,0.1237,0.7818,0.1249,1.117,20,237,188,0.7834,0.04988,0.1582,0.1118
5DHV_1,14.15,6.847,67.87,6.865,1.597,4.993,0.1335,0.6633,0.09606,0.6651,39,227,61,0.9975,0.3199,0.2012,0.1444
5A3I_1,17.62,14.98,145.9,17.89,0.4976,9.306,0.1469,1.274,0.1524,1.543,62,240,323,0.8371,0.05347,0.1153,0.09871
5G64_1,19.39,18.56,129.2,13.7,0.4805,9.003,0.131,1.046,0.1552,1.443,31,233,308,1.355,0.05337,0.1252,0.1075
1JRH_1,11.28,10.2,95.44,10.5,0.3727,5.613,0.1363,0.7699,0.1068,0.8302,43,230,95,0.9716,0.06639,0.177,0.1286
6MLM_1,21.49,10.4,133.1,13.87,1.469,9.143,0.1431,1.119,0.1481,1.433,39,228,311,0.7497,0.1606,0.1279,0.1033
4LF3_1,9.963,15.62,92.73,8.25,0.388,5.771,0.1359,0.8515,0.1098,0.8525,38,238,94,1.893,0.06723,0.1596,0.1288
4JZO_2,5.558,5.905,64.87,5.63,0.3427,4.152,0.1329,0.5305,0.08473,0.5185,33,225,11,1.049,0.08255,0.2506,0.1634
2QQN_1,5.784,8.212,97.58,9.522,0.4057,6.377,0.1276,0.7782,0.1162,0.975,28,233,154,0.8625,0.06362,0.164,0.1192
3KJ4_2,19.03,12.46,137.4,15.2,1.491,8.367,0.1431,1.166,0.1442,1.374,57,230,283,0.8202,0.1782,0.1228,0.105
4LVN_1,35.63,11.5,138.6,15.23,0.5037,9.497,0.1423,1.194,0.1541,1.546,46,230,336,0.7553,0.05303,0.1192,0.09973
5H35_1,7.328,9.74,105.1,11.44,0.4199,7.355,0.1364,0.9168,0.1275,1.066,38,233,195,0.8517,0.05709,0.1488,0.1196
2DQC_1,13.79,15.7,85.15,9.12,0.4051,6.053,0.1382,0.8144,0.1147,0.868,44,220,129,1.721,0.06692,0.1696,0.1321
6C9U_1,21.01,19.99,284.2,31.41,2.088,17.4,0.1535,2.24,0.268,3.339,45,234,896,0.6364,0.1201,0.06854,0.08026
5G64_2,25.11,14.43,146.1,17.47,0.4788,8.958,0.1455,1.212,0.1499,1.484,56,233,306,0.8262,0.05345,0.1201,0.101
6BPA_1,11.9,8.484,139.6,13.13,0.4906,9.146,0.1293,1.058,0.1444,1.475,27,229,297,0.6464,0.05365,0.1222,0.09791
3MLY_1,4.911,5.235,63.09,5.116,0.346,4.386,0.1248,0.5502,0.08938,0.5571,26,239,12,1.023,0.0789,0.2267,0.1604
6IVZ_1,41.96,26.27,145.8,28.23,0.548,10.33,0.156,1.484,0.1664,1.759,73,226,391,0.9308,0.05307,0.1051,0.09457
2W9E_1,13.66,8.133,79.69,8.755,0.3963,5.69,0.1391,0.7832,0.1063,0.8007,46,224,99,0.9289,0.06965,0.1777,0.1328
5WK3_1,11.13,7.827,75.28,7.873,0.367,5.225,0.1366,0.6837,0.09997,0.7266,36,237,62,0.9942,0.07023,0.1998,0.1376
3LDB_1,15.02,11.46,146,15.86,0.5062,10.06,0.1423,1.218,0.1563,1.638,43,233,334,0.7226,0.05034,0.1169,0.09546
2VXT_1,22.27,9.248,100.4,10.67,0.416,6.898,0.1415,0.8829,0.12,0.9354,49,222,156,0.8665,0.0603,0.1602,0.1283
6C6Z_1,12.27,8.731,108.6,11.02,0.4281,7.067,0.1377,0.9341,0.125,1.056,46,240,188,0.7921,0.06058,0.1474,0.1184
5XCV_2,5.127,5.618,65.19,5.43,0.3431,4.305,0.1334,0.5799,0.08727,0.5417,37,229,11,1.035,0.0797,0.2301,0.1611
4HS6_1,5.415,5.641,67.32,5.599,0.3311,4.269,0.1267,0.5407,0.08836,0.5491,26,232,12,1.007,0.07757,0.2344,0.1609
5Y9J_1,10.24,8.467,89.76,9.775,0.3984,6.342,0.1372,0.8511,0.1196,0.9428,46,232,144,0.8662,0.06282,0.1612,0.1269
1IC5_1,11.91,6.962,93.87,8.183,0.3929,6.121,0.136,0.7989,0.1092,0.9001,39,220,129,0.8507,0.06419,0.1702,0.1213
6MTO_1,21.74,8.622,98.76,10.29,0.4138,6.988,0.1454,1.01,0.1219,1.035,58,235,157,0.8379,0.05922,0.144,0.1177
4YUE_1,9.673,6.908,98.61,8.157,0.3836,6.012,0.1295,0.7499,0.1078,0.8816,31,232,104,0.8469,0.06381,0.1727,0.1223
2IH3_1,10.09,8.201,78.53,8.56,0.3794,5.572,0.1334,0.7533,0.1039,0.7634,40,227,97,0.958,0.06808,0.1771,0.1362
1FSK_1,15.42,8.234,89.31,10.12,0.414,6.637,0.136,0.8524,0.117,0.9766,40,227,159,0.8134,0.06237,0.1596,0.1198
5D8J_1,9.991,7.775,89.36,9.146,0.3906,6.121,0.1342,0.8148,0.1124,0.9283,41,230,133,0.85,0.06381,0.1647,0.1211
5E94_1,7.364,8.43,83.89,9.004,0.3897,6.081,0.1358,0.7636,0.1068,0.8325,41,233,100,0.9363,0.0641,0.1779,0.1283
1XGT_1,13.67,8.258,96.38,8.953,0.4033,6.01,0.1342,0.7665,0.1086,0.8552,36,222,129,0.9224,0.06711,0.1751,0.127
4G6M_1,16.18,8.127,89.33,9.58,0.4189,6.602,0.1382,0.8557,0.1179,0.9812,41,230,150,0.8483,0.06344,0.1615,0.1202
4WHY_4,5.035,5.546,66.19,5.443,0.3357,4.195,0.1265,0.5302,0.08649,0.5285,30,224,11,1.019,0.08002,0.2385,0.1636
1OAK_1,17.09,8.808,102,10.97,0.4272,7.346,0.1376,0.9457,0.1274,1.12,41,231,196,0.8027,0.05815,0.1455,0.1137
4OKV_1,7.437,5.944,73.52,6.523,0.3792,5.325,0.136,0.6906,0.0974,0.7143,37,227,66,0.9112,0.07121,0.1969,0.1364
5TZU_1,11.81,8.503,96.3,9.266,0.3904,6.146,0.1432,0.8536,0.1091,0.8776,51,228,115,0.9177,0.06352,0.1678,0.1244
3MLW_1,5.822,6.06,68.6,6.041,0.3516,4.655,0.1324,0.5869,0.09223,0.627,33,241,17,1.003,0.07552,0.2256,0.1471
3SKJ_1,16.69,9.265,102.3,10.86,0.4351,7.121,0.1433,0.9887,0.1216,1.098,51,238,176,0.8528,0.06111,0.145,0.1108
3FMG_1,18.31,16.95,120.5,11.75,0.449,7.73,0.1349,1.036,0.1332,1.235,39,230,235,1.443,0.05808,0.1302,0.1078
6O3B_1,12.87,9.551,93.72,10.28,0.3978,6.113,0.1415,0.8764,0.1117,0.9078,53,230,124,0.9294,0.06507,0.1615,0.1231
2R0L_1,27.54,17.5,111.5,12.87,0.4324,7.796,0.1475,1.127,0.1359,1.214,58,227,239,1.36,0.05546,0.1309,0.1119
5YY5_2,29.51,9.185,108.8,11.47,0.442,7.204,0.1414,1.011,0.1292,1.109,51,214,209,0.801,0.06135,0.1398,0.1165
3QUM_2,16.87,11.42,115.5,17.13,0.4532,7.833,0.146,1.164,0.1311,1.261,62,230,237,0.6669,0.05785,0.1254,0.104
3THM_1,12.87,8.571,80.47,8.957,0.3727,5.658,0.1411,0.8125,0.1046,0.7605,54,245,77,0.9569,0.06588,0.1737,0.1376
2H1P_1,5.421,5.665,59.03,5.598,0.3333,4.279,0.1297,0.5955,0.08951,0.5673,36,234,11,1.012,0.07791,0.2178,0.1578
5EPM_1,5.256,6.044,64.78,6.008,0.3477,4.695,0.1248,0.552,0.09448,0.6317,25,232,33,1.006,0.07405,0.2261,0.1496
6MW9_1,21.41,14.16,142.1,17.4,0.4928,9.13,0.1417,1.205,0.1502,1.507,52,229,325,0.8138,0.05398,0.1176,0.09969
5W08_1,13.89,10.17,129.7,13.28,0.4599,8.491,0.1402,1.123,0.1447,1.386,48,244,274,0.7659,0.05417,0.1249,0.1044
5KEN_3,29.31,16.4,93.78,9.249,0.3823,5.689,0.1414,0.8404,0.106,0.8316,56,225,113,1.773,0.06719,0.1683,0.1275
1KIP_1,10.93,7.236,90.19,8.729,0.3864,5.803,0.1327,0.7445,0.1101,0.8357,34,223,129,0.8289,0.06659,0.1782,0.1317
4RGO_1,24.6,12.14,122,14.22,0.4702,7.936,0.1444,1.135,0.1337,1.249,55,230,225,0.8537,0.05924,0.1272,0.107
6BZV_1,6.262,7.002,64.01,6.625,0.3467,4.273,0.1313,0.5736,0.08838,0.5493,35,230,11,1.057,0.08114,0.229,0.1609
6BP2_1,10.61,8.841,90.32,9.978,0.4019,6.569,0.1426,0.9336,0.118,0.9817,53,239,148,0.8861,0.06118,0.1528,0.1202
1NCB_1,30.54,13.13,177.7,21.99,0.5298,10.54,0.1475,1.415,0.1661,1.979,58,229,389,0.5971,0.05029,0.1043,0.08396
4OGY_2,25.34,11.04,116.9,13.62,0.45,8.089,0.1437,1.171,0.1335,1.243,60,231,239,0.8109,0.05563,0.1227,0.1075
6GKU_1,15.39,9.981,97.68,11.03,0.3987,6.311,0.138,0.8673,0.1134,0.91,44,234,140,0.9051,0.06317,0.1592,0.1247
4QWW_1,51.38,14,199.1,20.56,0.614,12.66,0.1449,1.584,0.1916,2.25,49,233,529,0.6811,0.04848,0.0915,0.08519
1TET_1,6.116,6.589,66.9,6.372,0.3431,4.383,0.131,0.6017,0.08618,0.5397,35,230,12,1.034,0.07827,0.2177,0.1597
4H88_1,12.68,7.305,83.65,8.342,0.386,5.744,0.1331,0.7228,0.1041,0.8238,35,228,102,0.8758,0.0672,0.1841,0.1264
6CXY_1,37.48,7.624,113.5,10.19,0.4208,7.348,0.1296,0.8801,0.1288,1.169,31,234,213,0.748,0.05727,0.1473,0.1102
3W2D_1,18.6,9.32,119.9,11.87,0.4339,7.951,0.1333,0.9362,0.1296,1.26,34,231,225,0.7854,0.05457,0.1424,0.1029
6GK7_1,5.313,5.588,61.51,5.618,0.3388,4.383,0.1269,0.5343,0.08679,0.5867,32,237,11,0.9948,0.0773,0.2375,0.1479
4Y5Y_1,16.12,9.584,104.8,11.47,0.4278,7.377,0.1395,0.9773,0.1279,1.109,50,228,206,0.8356,0.05799,0.1427,0.1154
5WNA_1,10.53,6.901,67.21,6.854,0.3612,4.781,0.1366,0.6603,0.1005,0.6078,46,233,30,1.007,0.07556,0.2069,0.1654
4KI5_2,12,8.655,93.58,9.874,0.4066,6.54,0.1385,0.8896,0.1183,0.9771,47,230,154,0.8766,0.06217,0.1556,0.121
6A4K_1,8.367,9.272,119.1,11.4,0.4386,7.724,0.1357,0.9956,0.1316,1.239,37,237,223,0.8135,0.05679,0.1363,0.1063
4LEO_1,34.22,17.74,210.7,23.84,0.6177,13.48,0.1414,1.735,0.2106,2.476,40,236,601,0.7442,0.04581,0.08154,0.08505
3LIZ_1,27.88,11.55,136.3,15.38,0.5008,9.359,0.1458,1.253,0.1536,1.537,56,228,329,0.7508,0.0535,0.1163,0.09994
6AQ7_1,11.88,7.698,80.55,8.664,0.3998,5.843,0.1359,0.7374,0.1074,0.8407,38,228,100,0.8884,0.06843,0.1843,0.1278
3K2U_1,34.03,18.27,116.8,14.26,0.4488,7.767,0.1441,1.08,0.1316,1.211,55,228,233,1.281,0.05778,0.1334,0.1087
5T6L_1,22.24,8.39,101,9.803,0.416,6.739,0.134,0.8532,0.119,1.008,37,242,152,0.8559,0.06174,0.1571,0.1181
3S37_1,14.79,8.546,94.97,9.54,0.3881,5.689,0.1465,0.8162,0.1103,0.7855,49,224,110,0.8958,0.06822,0.1795,0.1405
5EOC_2,5.121,5.662,62.7,5.681,0.3342,4.234,0.1255,0.5357,0.08722,0.5716,27,230,13,0.9967,0.07892,0.2343,0.1526
4FFW_1,38.16,23.81,260.5,33.47,0.7042,16.03,0.1509,1.909,0.2323,2.905,47,226,727,0.7116,0.04393,0.07906,0.07998
5BVP_1,14.84,6.67,89.44,8.594,0.4115,6.412,0.1265,0.7405,0.1134,0.9207,26,227,149,0.7762,0.06418,0.1708,0.1232
5JO4_2,51.16,11.38,109,13.69,0.4377,7.328,0.1499,1.14,0.1323,1.123,72,227,221,0.831,0.05973,0.1315,0.1178
6ARU_1,51.85,23.54,209.4,23.76,0.625,13.58,0.1594,1.826,0.2088,2.446,65,229,609,0.9908,0.04602,0.0873,0.08537
4XNQ_1,14.43,8.79,109.8,10.82,0.4243,7.18,0.1354,0.9286,0.1245,1.114,41,231,197,0.8121,0.0591,0.1458,0.1118
1BVK_1,18.47,8.009,84.68,8.78,0.4049,5.911,0.133,0.7874,0.1094,0.8791,38,224,129,0.9122,0.06851,0.1689,0.1244
1G7H_1,11.92,7.402,89.97,8.313,0.3771,5.829,0.1328,0.7476,0.1088,0.8229,36,223,129,0.8904,0.0647,0.1776,0.1322
4Z5R_1,34.65,8.597,83.53,10.23,0.3956,6.364,0.1401,0.8887,0.1127,0.9603,50,231,137,0.8406,0.06216,0.1576,0.1174
6R8X_1,30.67,17.81,113.1,13.16,0.448,7.666,0.1487,1.178,0.1332,1.201,69,233,228,1.353,0.05844,0.1263,0.1109
3WIH_1,15.92,8.229,78.49,8.859,0.3741,5.518,0.1362,0.6993,0.1121,0.7691,38,228,88,0.9288,0.06779,0.1947,0.1457
5TZT_1,10.73,7.438,94.92,8.362,0.384,5.962,0.1382,0.8055,0.1099,0.8768,43,231,110,0.8894,0.06441,0.1716,0.1253
4PP2_1,17.89,9.321,116,11.89,0.4587,7.874,0.1426,1.036,0.1342,1.241,49,231,222,0.784,0.05826,0.1376,0.1081
2HMI_1,20.46,13.33,170.1,19.71,0.5538,11.51,0.1456,1.44,0.1743,2.035,47,232,430,0.6762,0.0481,0.1011,0.08564
4F37_1,31.89,10.6,90.4,10.9,0.3997,5.963,0.1492,0.9578,0.1083,0.8557,70,239,102,0.9721,0.06703,0.1557,0.1265
3JAU_1,7.901,6.104,62.75,6.028,0.3492,4.257,0.1346,0.6584,0.08813,0.5648,45,228,17,1.013,0.08203,0.2045,0.156
3U9P_2,13.22,8.45,101.4,10.53,0.4171,6.803,0.1337,0.8878,0.1182,1.038,39,228,169,0.8028,0.06132,0.1506,0.1139
1FE8_1,14.02,9.132,101.7,10.85,0.4044,6.83,0.1347,0.8802,0.1208,1.019,40,224,186,0.8418,0.05922,0.153,0.1185
3ULU_3,14.38,16.34,229.3,24.77,0.6636,14.83,0.1499,1.909,0.2182,2.658,56,229,659,0.6599,0.04474,0.0785,0.08206
3O6L_1,5.661,5.955,56.22,5.787,0.3333,4.358,0.1285,0.5746,0.0871,0.5461,31,231,15,1.029,0.07647,0.2236,0.1595
4KUC_1,28.83,12.69,127.8,15.13,0.4529,8.162,0.1404,1.05,0.1367,1.303,48,226,259,0.8391,0.05549,0.1338,0.1049
4M62_1,22.65,8.834,101.1,10.19,0.4187,6.595,0.1427,0.8957,0.1184,0.9967,52,237,155,0.8667,0.06349,0.1593,0.1188
5GZO_1,16.08,10.16,150.7,15.08,0.5051,10.21,0.1303,1.162,0.1657,1.717,24,229,390,0.6737,0.04949,0.1122,0.09649
5C0R_1,51.86,9.8,132.4,12.82,0.4637,8.422,0.1378,1.034,0.1409,1.369,38,231,270,0.7642,0.05506,0.1333,0.1029
5KVD_1,13.93,8.073,80.17,9.011,0.3779,5.799,0.1377,0.7698,0.1068,0.817,44,234,108,0.8959,0.06517,0.1789,0.1307
1NL0_1,10.04,6.707,63.73,6.759,0.3538,4.602,0.14,0.6725,0.09233,0.5984,50,233,33,0.9923,0.07689,0.2081,0.1543
4YK4_1,9.568,8.755,117.4,11.14,0.4359,7.447,0.1363,0.7752,0.1272,1.157,38,235,206,0.7859,0.05854,0.1758,0.1099
4FFV_1,27.35,26.41,259.5,27.13,0.7456,16.04,0.1422,1.916,0.2366,3.069,37,226,727,0.9736,0.04647,0.07424,0.07708
5DD0_1,5.73,6.593,63.94,6.233,0.3335,4.214,0.1279,0.5862,0.08983,0.5732,30,237,11,1.058,0.07914,0.2182,0.1567
3EOA_1,17.12,9.939,103.8,11.44,0.4272,7.062,0.1351,0.889,0.1224,1.051,37,231,179,0.8686,0.06049,0.1519,0.1165
1NAK_1,6.175,6.617,60.68,6.258,0.3487,4.239,0.1306,0.5579,0.08785,0.5429,34,227,10,1.057,0.08226,0.2341,0.1618
4XAW_1,5.487,5.446,56.09,5.534,0.3521,4.459,0.1327,0.6248,0.09235,0.5806,38,233,16,0.9841,0.07896,0.2123,0.1591
5O6V_1,27.14,11.1,165.1,18.25,0.5793,11.69,0.139,1.412,0.1852,1.997,34,229,492,0.6081,0.04957,0.09845,0.09272
4NNP_1,10.85,11.24,135.5,14.13,0.4928,8.728,0.1385,1.073,0.1432,1.379,42,237,273,0.7956,0.05646,0.1291,0.1039
5YWP_1,22.67,20.79,175.8,25.64,0.5719,11.53,0.1538,1.58,0.1813,1.992,63,207,500,0.8105,0.04959,0.09733,0.09101
1NSN_1,13.18,8.324,92.88,9.393,0.4033,6.328,0.1389,0.7629,0.1139,0.9522,35,226,138,0.8862,0.06374,0.1821,0.1197
4ZFG_1,13.54,9.649,110.2,11.99,0.4432,7.767,0.1385,1.025,0.1287,1.245,43,231,220,0.8049,0.05706,0.135,0.1034
4TSC_1,14.03,8.569,91.87,9.71,0.4055,6.225,0.1402,0.8362,0.1126,0.9333,44,231,129,0.8825,0.06513,0.1677,0.1206
3V6Z_1,14.41,8.26,101,14.47,0.4098,6.768,0.139,0.9005,0.1172,0.995,45,239,148,0.5708,0.06055,0.1543,0.1178
1YQV_1,12.84,8.765,87,9.61,0.3908,5.968,0.1387,0.8223,0.1102,0.8854,46,223,129,0.9121,0.06549,0.1687,0.1245
2YSS_1,13.14,8.026,86.57,9.139,0.3912,5.947,0.1327,0.7487,0.1137,0.8737,35,220,129,0.8782,0.06578,0.1772,0.1302
6GLX_1,6.913,7.288,92.12,8.747,0.3948,6.302,0.1318,0.7525,0.1109,0.9467,30,231,137,0.8332,0.06265,0.1751,0.1171
4UAO_1,18,12.8,144.5,16.5,0.5038,9.808,0.1452,1.23,0.1515,1.614,51,230,332,0.7758,0.05136,0.1181,0.09388
5YY5_1,32.37,8.958,106.5,11.27,0.4358,7.278,0.1446,0.9859,0.127,1.132,51,221,209,0.7947,0.05987,0.1466,0.1122
4HHA_1,6.443,6.735,61.69,6.337,0.3464,4.507,0.1326,0.621,0.08773,0.5693,38,236,10,1.063,0.07686,0.2135,0.1541
5U3L_1,6.802,6.522,69.34,6.462,0.357,4.65,0.1311,0.4618,0.09157,0.6179,34,244,19,1.009,0.07677,0.2839,0.1482
4HG4_1,22.21,10.63,145.6,14.22,0.5009,9.397,0.1375,1.149,0.1579,1.529,42,230,323,0.7472,0.0533,0.1197,0.1033
3VRL_1,8.976,6.453,75.82,7.191,0.3661,5.355,0.1354,0.6951,0.1011,0.7444,37,231,73,0.8974,0.06837,0.1947,0.1358
5EZO_1,25.12,19.46,145.6,17.56,0.5004,9.579,0.1462,1.249,0.1516,1.588,57,228,321,1.108,0.05224,0.117,0.09544
1ZA3_1,19.56,16.67,68.8,8.617,0.3789,5.621,0.1405,0.804,0.1058,0.7823,51,238,91,1.934,0.06742,0.1748,0.1353
2B1H_1,6.872,6.766,64.48,6.463,0.351,4.6,0.1346,0.5897,0.09126,0.5764,39,239,16,1.047,0.07631,0.2283,0.1583
2AP2_1,4.892,5.571,56.56,5.372,0.3438,4.469,0.1285,0.5552,0.09007,0.5695,32,233,14,1.037,0.07692,0.2315,0.1582
5MVZ_1,9.044,8.357,90.77,9.696,0.3902,6.303,0.1328,0.7619,0.114,0.9042,31,228,136,0.8619,0.06191,0.1743,0.126
5BK1_1,44.05,18.93,139.5,17.28,0.534,9.948,0.1527,1.39,0.1595,1.638,69,230,366,1.096,0.05368,0.1099,0.0974
6CT7_1,4.153,5.031,52.56,4.819,0.3273,4.213,0.1247,0.4859,0.08758,0.5365,24,224,10,1.044,0.07771,0.2566,0.1632
3C09_1,10.36,9.105,106.5,10.4,0.424,7.17,0.1407,0.9425,0.1243,1.117,43,230,191,0.8753,0.05914,0.1493,0.1113
5CZV_1,17.64,10.17,118.9,12.42,0.4403,7.8,0.1369,0.9878,0.1327,1.241,37,225,225,0.8192,0.05645,0.1386,0.107
4ZSO_1,17.23,8.788,105.6,11.35,0.4474,7.586,0.1424,0.9851,0.1312,1.255,48,229,214,0.7741,0.05897,0.1445,0.1046
1XGU_1,14.06,8.361,84.68,9.423,0.3865,5.932,0.1375,0.8189,0.1109,0.8505,47,222,129,0.8873,0.06515,0.1679,0.1304
4OQT_1,34.53,13.46,179.2,24.86,0.5615,11.65,0.1421,1.452,0.1867,2.068,48,229,475,0.5413,0.0482,0.09785,0.09028
4G6A_2,5.02,5.312,66.34,5.347,0.3354,4.194,0.1256,0.5334,0.08562,0.5621,27,230,12,0.9935,0.07999,0.2355,0.1523
5WDF_1,5.319,5.76,59.37,5.775,0.3527,4.607,0.1293,0.5781,0.0902,0.6024,32,242,17,0.9974,0.07655,0.2236,0.1497
3JCX_1,10.2,17.87,182.5,22.58,0.5932,12.58,0.131,1.416,0.195,2.219,26,222,548,0.7911,0.04717,0.0925,0.08785
3GHE_1,6.748,6.9,58.77,6.628,0.3418,4.527,0.1265,0.5704,0.09845,0.5751,32,243,15,1.041,0.0755,0.2218,0.1712
4NP4_1,32.06,10.34,126.2,13.46,0.4647,8.536,0.1404,1.084,0.1391,1.371,46,230,271,0.7681,0.05444,0.1295,0.1014
2DQI_1,12.05,8.121,84.06,8.706,0.3969,5.867,0.1343,0.7462,0.1085,0.8423,38,220,129,0.9328,0.06765,0.18,0.1288
4G7V_1,9.705,8.835,88.9,9.825,0.3939,6.1,0.1351,0.8328,0.1113,0.9224,42,229,136,0.8993,0.06457,0.1622,0.1207
5EN2_1,10.37,8.873,92.15,10.22,0.4242,6.58,0.1386,0.8888,0.1155,0.9717,47,233,141,0.8679,0.06446,0.1559,0.1189
6CMG_1,24.62,19.75,171.3,19.21,0.5435,10.87,0.148,1.423,0.1741,1.888,55,242,428,1.028,0.04999,0.104,0.09221
1XGP_1,9.282,8.798,84.29,9.831,0.3786,5.856,0.1354,0.7718,0.1148,0.8638,42,222,129,0.895,0.06464,0.1754,0.1329
5DMG_1,4.696,5.292,52.25,5.066,0.342,4.165,0.1322,0.5551,0.08474,0.5081,37,221,11,1.045,0.08211,0.2382,0.1668
5USH_1,14.43,9.698,119.5,12.29,0.4378,7.911,0.1409,1.104,0.1348,1.297,46,235,230,0.7892,0.05533,0.1277,0.104
5IKC_1,11.42,8.304,81.9,8.479,0.3787,5.492,0.1335,0.6947,0.1044,0.8116,37,224,90,0.9793,0.06896,0.1922,0.1286
4N9G_3,7.204,6.957,61.06,6.613,0.3448,4.801,0.135,0.6214,0.0943,0.6181,36,232,35,1.052,0.07183,0.2173,0.1526
6N7J_1,5.616,5.709,59.91,5.528,0.3525,4.556,0.1327,0.6107,0.08839,0.5944,33,233,15,1.033,0.07736,0.2173,0.1487
6D0U_1,18.39,14.76,127.7,12.86,0.4694,8.503,0.1379,0.9077,0.1451,1.439,37,247,267,1.148,0.05521,0.1519,0.1008
5T29_1,18.47,8.725,96.9,9.933,0.4178,6.844,0.1363,0.8665,0.1179,1.049,37,242,146,0.8783,0.06104,0.1573,0.1124
4NM8_1,17.09,10.55,106.7,11.58,0.4216,7.183,0.1376,0.9134,0.1313,1.117,43,237,172,0.9104,0.05869,0.1506,0.1176
1ZTX_1,14.44,8.556,68.18,9.108,0.3913,5.72,0.1395,0.7957,0.1056,0.8354,44,228,101,0.9395,0.06842,0.1753,0.1264
3WHE_1,22.6,23.75,192.1,21.98,0.5697,12.04,0.1422,1.505,0.1921,2.091,44,239,493,1.08,0.04731,0.09447,0.09187
2ADF_1,18.12,8.686,115.1,10.68,0.4215,7.267,0.1383,0.9374,0.1242,1.075,44,226,189,0.8135,0.05801,0.1475,0.1155
5L0Q_1,21.92,8.404,108.8,10.49,0.4367,7.166,0.1357,0.9026,0.1279,1.078,37,230,203,0.8012,0.06094,0.1504,0.1187
6E62_1,15.59,8.058,84.61,9.39,0.4099,6.371,0.1393,0.8625,0.114,0.9211,49,232,137,0.8582,0.06434,0.1615,0.1238
3HB3_1,21.11,9.133,115.9,12.26,0.4456,8.022,0.1376,1.026,0.1354,1.274,41,226,252,0.7449,0.05554,0.1342,0.1063
5VL3_1,34.28,10.86,136.5,14.2,0.4785,9.369,0.1382,1.162,0.1487,1.561,46,231,303,0.7643,0.05108,0.1189,0.09529
4FQJ_1,21.59,10.25,122.5,14.03,0.4888,8.934,0.1452,1.224,0.148,1.467,55,238,294,0.7307,0.05471,0.1187,0.1009
6BLH_1,8.703,7.426,67.53,7.209,0.3581,4.847,0.1347,0.6372,0.0943,0.6439,40,232,35,1.03,0.07389,0.2114,0.1464
4RAU_1,11.92,6.135,74.11,6.78,0.3705,5.186,0.1299,0.6378,0.1001,0.7444,29,228,65,0.9048,0.07144,0.2036,0.1345
5T5F_1,14.5,12.07,111.9,13.91,0.4588,8.051,0.1414,1.102,0.134,1.297,46,236,226,0.8679,0.05698,0.1283,0.1033
4N0Y_1,4.993,5.432,58.61,5.217,0.3463,4.436,0.1265,0.546,0.0887,0.5688,28,237,11,1.041,0.07808,0.2317,0.1559
6I8S_1,29.54,15.22,142.9,23.18,0.5107,10.06,0.1443,1.319,0.1587,1.687,52,231,363,0.6566,0.05075,0.1094,0.09407
3BN9_1,28.8,10.74,123.6,13.58,0.4471,8.045,0.1456,1.161,0.1352,1.255,62,238,241,0.7909,0.05557,0.1254,0.1077
3QWO_1,7.824,6.012,66.47,6.476,0.3473,5.01,0.1321,0.6626,0.09427,0.6649,38,229,53,0.9283,0.06932,0.1994,0.1418
3MNZ_1,5.867,6.356,56.68,5.959,0.3414,4.297,0.1299,0.604,0.08709,0.5595,36,227,16,1.067,0.07945,0.2151,0.1557
3LHP_1,10.43,7.995,87.45,8.873,0.3978,6.17,0.138,0.7926,0.1117,0.8886,45,234,116,0.9011,0.06447,0.1741,0.1257
5NUZ_1,13.89,8.29,96.19,9.766,0.4139,6.449,0.1398,0.9055,0.117,1.006,47,233,142,0.8489,0.06419,0.1543,0.1162
1GGI_1,4.81,5.416,66.46,5.247,0.3276,4.368,0.1302,0.5569,0.08546,0.5563,33,228,9,1.032,0.07501,0.2338,0.1536
6A79_1,12.57,7.037,71.18,7.929,0.3834,5.465,0.1382,0.7438,0.1043,0.7621,42,229,90,0.8875,0.07016,0.1858,0.1368
2DQD_1,11.28,8.846,88.99,9.819,0.392,6.123,0.1381,0.8037,0.1126,0.9185,42,220,129,0.901,0.06403,0.1718,0.1226
3H3P_1,6.113,6.132,61.58,5.769,0.3523,4.674,0.1324,0.6989,0.08816,0.5546,41,234,18,1.063,0.07539,0.1894,0.159
3MLT_3,6.198,6.31,60.92,6.093,0.3459,4.44,0.1314,0.5895,0.08964,0.5632,37,239,14,1.036,0.07791,0.2229,0.1592
5VZY_1,5.58,6.375,62.34,5.727,0.3323,4.281,0.129,0.5504,0.08531,0.5294,36,227,12,1.113,0.07762,0.2343,0.1611
1EJO_1,4.74,5.513,65.24,5.427,0.3458,4.403,0.1319,0.5827,0.08748,0.5524,34,232,13,1.016,0.07854,0.2264,0.1584
5C0N_1,7.914,7.316,87.61,8.682,0.3995,6.135,0.137,0.8155,0.1137,0.8803,42,235,131,0.8427,0.06512,0.168,0.1292
5KEL_1,15.42,11.41,94.91,11.76,0.3956,5.879,0.1423,0.8386,0.1093,0.8522,54,227,113,0.9707,0.06729,0.1696,0.1283
5E8E_1,21.75,13.9,128.1,16.27,0.4693,8.461,0.1463,1.206,0.1393,1.344,63,235,259,0.8546,0.05547,0.1214,0.1037
6B0S_1,6.989,6.254,71.16,6.694,0.3545,4.971,0.134,0.6753,0.09797,0.6893,39,231,65,0.9343,0.07131,0.1984,0.1421
6IAP_1,20.2,9.538,106.6,11.49,0.4276,6.933,0.1341,0.8715,0.1211,1.016,39,227,182,0.8301,0.06168,0.1538,0.1192
6A78_2,13.44,6.871,74.92,11.9,0.3778,5.389,0.1361,0.7472,0.107,0.7721,44,230,90,0.5775,0.07011,0.1822,0.1385
6MTP_1,5.591,5.746,57.17,5.648,0.3455,4.485,0.1312,0.6184,0.08773,0.5782,38,235,15,1.017,0.07703,0.2122,0.1517
3BKY_1,6.333,6.716,62.07,6.443,0.3424,4.267,0.1341,0.624,0.08771,0.5618,38,231,17,1.043,0.08024,0.2149,0.1561
6DDV_1,13.18,7.129,58.42,7.92,0.3826,5.614,0.1338,0.7546,0.1048,0.8193,40,236,94,0.9,0.06816,0.1773,0.1279
4GMS_2,18.57,10.42,134.9,14.36,0.4806,9.203,0.1422,1.207,0.149,1.498,50,226,316,0.7259,0.05222,0.1178,0.09944
4CMH_1,11.66,10.59,124.8,12.78,0.4461,8.167,0.1363,0.9943,0.1339,1.28,42,230,240,0.8283,0.05462,0.1371,0.1046
5K9K_1,71.15,11.74,181.4,18.4,0.573,12.26,0.1415,1.481,0.1855,2.04,44,237,497,0.6384,0.04673,0.09549,0.09093
4GMS_1,19.56,11.07,134.4,14.82,0.4749,8.985,0.1429,1.165,0.1472,1.471,50,226,316,0.7473,0.05285,0.1227,0.1001
4HWB_1,16.23,7.445,97.39,8.599,0.3769,5.864,0.137,0.7784,0.1096,0.817,43,225,111,0.8659,0.06428,0.176,0.1342
4DTG_1,8.839,6.726,74.7,7.214,0.3639,6.084,0.133,0.6766,0.09765,0.6912,42,236,60,0.9324,0.0598,0.1966,0.1413
6B5M_1,5.922,6.016,57.56,5.946,0.3473,4.487,0.1324,0.6189,0.08722,0.5839,37,236,13,1.012,0.07738,0.214,0.1494
5EA0_1,4.597,5.395,60.2,5.433,0.3451,4.378,0.1309,0.5693,0.08906,0.5549,33,235,11,0.9931,0.07881,0.23,0.1605
3WSQ_1,40.74,23.31,206.5,29.34,0.61,12.65,0.1611,1.828,0.1987,2.3,82,231,555,0.7946,0.04824,0.08816,0.0864
4YPG_1,13.14,10.71,104.3,11.85,0.4269,6.99,0.146,0.9533,0.1188,0.9903,56,227,161,0.9046,0.06107,0.1531,0.12
6B0A_1,22.76,8.91,96.95,10.46,0.4116,6.627,0.1389,0.8914,0.117,0.9539,50,233,164,0.8519,0.06212,0.1559,0.1227
5W0K_1,41.32,17.63,224.2,24.94,0.6713,14.46,0.1435,1.811,0.2212,2.531,47,225,655,0.707,0.04643,0.07923,0.0874
3TT3_1,49.56,18.93,202.7,24.33,0.5745,12.48,0.1478,1.607,0.187,2.218,56,231,501,0.7783,0.04604,0.09201,0.08433
5U3J_1,9.107,7.297,77.37,7.006,0.3547,4.885,0.1329,0.4917,0.09567,0.6559,37,245,29,1.041,0.07262,0.2702,0.1458
4N8C_1,5.143,5.287,66.93,5.356,0.348,4.422,0.132,0.6213,0.08721,0.5841,36,234,15,0.987,0.0787,0.2125,0.1493
4HS8_1,4.517,5.332,64.84,5.281,0.3903,4.44,0.1263,0.6081,0.08677,0.6135,28,236,12,1.01,0.08791,0.2077,0.1414
6OCB_1,11.55,10.55,128.5,13.33,0.4539,8.468,0.1384,1.087,0.1435,1.391,41,236,267,0.7913,0.0536,0.1274,0.1031
5OB5_1,9.443,7.382,72.62,7.693,0.3591,5.059,0.1358,0.6706,0.09941,0.7037,38,229,63,0.9596,0.07098,0.2025,0.1413
6IEK_1,19.87,22.31,133.1,16.89,0.4871,8.943,0.1432,1.202,0.1457,1.488,52,238,301,1.321,0.05446,0.1191,0.0979
1RJL_1,8.199,8.333,79.13,8.583,0.3695,5.41,0.1314,0.726,0.1038,0.763,36,229,95,0.9708,0.06829,0.181,0.136
4AL8_1,10.61,7.949,75.67,8.646,0.3708,5.449,0.1364,0.7589,0.104,0.7641,44,226,98,0.9194,0.06804,0.1798,0.1361
4FFZ_1,12.76,7.97,95.76,8.381,0.3762,5.603,0.1334,0.7675,0.1056,0.7876,41,231,97,0.951,0.06715,0.1738,0.134
4N9G_2,7.159,6.638,68.56,6.782,0.3588,4.746,0.1325,0.6001,0.09396,0.6085,36,232,36,0.9787,0.0756,0.2207,0.1544
6CYF_1,12.39,9.909,93.86,10.43,0.407,6.11,0.1392,0.8348,0.1115,0.9019,46,233,127,0.9502,0.06661,0.1667,0.1236
6AXK_1,4.991,5.602,64.35,5.444,0.3407,4.323,0.1282,0.5592,0.08839,0.5536,31,234,11,1.029,0.07882,0.2292,0.1597
5VGJ_1,16.97,8.556,90.86,9.594,0.4053,5.973,0.1357,0.7859,0.1156,0.9154,40,240,119,0.8918,0.06785,0.1727,0.1262
6B08_1,28.27,10.25,99.77,11.48,0.415,6.739,0.1396,0.9478,0.1183,1.025,49,230,169,0.893,0.06158,0.1473,0.1154
3BGF_1,25.26,9.371,105.7,14.45,0.4118,6.987,0.135,0.8838,0.1214,1.063,41,230,179,0.6487,0.05894,0.1528,0.1142
2FJH_1,12.82,7.05,73.18,8.066,0.3801,5.863,0.1367,0.8162,0.103,0.7834,44,231,98,0.874,0.06484,0.1675,0.1314
4GAG_1,4.328,5.218,64.58,5.077,0.3365,4.228,0.123,0.5096,0.08626,0.5448,24,231,11,1.028,0.07957,0.2413,0.1583
4M8Q_1,21.57,8.845,97.58,10.27,0.3968,6.447,0.1394,0.9565,0.115,1.05,51,231,148,0.8611,0.06154,0.1458,0.1095
6H06_1,3.916,4.64,62.92,4.779,0.3402,4.223,0.127,0.5716,0.08603,0.5513,29,235,9,0.9709,0.08055,0.2221,0.156
6MEJ_1,43.43,16.02,124.7,17.92,0.4532,7.587,0.1522,1.243,0.1311,1.189,77,231,234,0.8939,0.05973,0.1225,0.1103
5D96_1,15.54,14.62,119.8,16.23,0.4522,7.828,0.1458,1.155,0.131,1.195,63,227,234,0.9009,0.05777,0.1262,0.1096
6BPC_1,35.79,10.55,137.6,14.66,0.4794,9.139,0.141,1.159,0.1489,1.441,45,226,296,0.7197,0.05245,0.1217,0.1033
6DFJ_1,11.6,10.3,99.61,10.3,0.3761,5.459,0.139,0.8041,0.1027,0.7945,48,230,99,1,0.0689,0.1728,0.1293
4XH2_2,5.209,5.449,54.49,5.197,0.3315,4.136,0.1318,0.5518,0.0859,0.5237,37,223,16,1.048,0.08014,0.2389,0.164
4HCR_1,11.16,15.16,100.1,11.63,0.427,7.209,0.1414,0.9834,0.1259,1.134,52,239,194,1.303,0.05923,0.1437,0.1111
6FY2_1,8.279,6.861,62.97,6.702,0.3438,4.567,0.1356,0.6383,0.08957,0.6083,45,232,22,1.024,0.07527,0.2124,0.1473
3WD5_1,17.04,7.49,86.42,9.379,0.4066,6.577,0.1396,0.8859,0.1178,0.9845,43,231,152,0.7986,0.06181,0.1575,0.1197
5W3P_1,7.74,7.4,63.35,7.118,0.3463,4.291,0.1336,0.5574,0.08743,0.5368,36,225,16,1.04,0.08071,0.2398,0.1629
5NMV_1,6.201,6.578,74.27,6.695,0.3567,5.295,0.1348,0.6408,0.09774,0.6915,35,230,63,0.9826,0.06737,0.2103,0.1413
5WUX_1,11.16,7.117,91.06,8.712,0.3969,6.27,0.1339,0.7846,0.1169,0.8993,36,228,136,0.8169,0.0633,0.1706,0.13
1QNZ_1,7.953,7.149,65.67,6.87,0.3452,4.413,0.1317,0.634,0.08896,0.5691,40,231,18,1.041,0.07822,0.2078,0.1563
2EIZ_1,11.33,7.34,82.71,8.469,0.3945,6.07,0.1369,0.7785,0.1096,0.8291,41,220,129,0.8667,0.06499,0.1759,0.1322
5HDQ_1,16.19,8.98,126,12.24,0.4606,8.677,0.129,1.003,0.141,1.42,28,235,273,0.7337,0.05309,0.1285,0.09927
5X2N_1,35.89,18.93,173.3,23.65,0.5712,11.26,0.1512,1.541,0.1756,1.944,65,237,429,0.8005,0.05073,0.09812,0.09034
3B9K_1,12.15,8.598,87.7,9.542,0.3864,5.943,0.1377,0.7834,0.1095,0.8527,43,225,117,0.901,0.06502,0.1757,0.1285
5DO2_1,33.47,10.11,107.2,11.83,0.44,7.35,0.1419,1.029,0.1278,1.167,53,225,208,0.8547,0.05986,0.1379,0.1096
5SY8_1,18.8,8.261,100.7,9.832,0.4,6.702,0.1375,0.8525,0.1205,1.07,37,241,155,0.8402,0.05969,0.1613,0.1126
5CJO_1,41.24,26.35,319.4,32.99,0.9224,20.08,0.147,2.049,0.2827,3.747,27,233,959,0.7988,0.04594,0.07173,0.07544
4QHU_1,9.811,7.755,102.2,8.7,0.3952,5.973,0.1297,0.7228,0.1071,0.8272,30,224,119,0.8914,0.06618,0.1794,0.1295
4HPY_1,6.573,6.422,58.61,6.249,0.3442,4.484,0.1372,0.6541,0.08704,0.545,48,230,11,1.028,0.07677,0.2098,0.1597
1NMA_1,46.37,12.75,156.7,16.89,0.5124,9.994,0.1459,1.332,0.1588,1.431,66,231,378,0.7549,0.05127,0.1095,0.111
4HZL_1,5.944,6.4,60.39,6.337,0.3408,4.403,0.1334,0.6263,0.08825,0.5541,43,236,13,1.01,0.07742,0.213,0.1593
3ULU_1,14.51,15.56,239.2,24.59,0.6602,14.91,0.1435,1.779,0.216,2.774,41,231,659,0.6325,0.04426,0.08069,0.07788
4YDV_1,5.279,5.657,70.57,5.695,0.3355,4.289,0.128,0.57,0.086,0.5596,32,232,11,0.9932,0.07823,0.2246,0.1537
2R29_1,17.85,8.051,78.51,8.638,0.3864,5.564,0.1388,0.7808,0.1049,0.7911,44,229,97,0.9321,0.06944,0.1778,0.1325
4R8W_1,17.36,10.69,103.4,12.09,0.4244,6.877,0.1414,0.9632,0.1198,1.051,55,236,169,0.8839,0.0617,0.1468,0.1139
3J1S_1,35.42,18.2,178.4,18.18,0.5834,12.34,0.1272,1.321,0.1922,2.25,13,228,519,1.001,0.04726,0.09626,0.08541
4P59_1,53.49,13.07,202.8,20.63,0.6223,13.39,0.1349,1.559,0.2023,2.226,25,226,592,0.6337,0.04648,0.08655,0.09086
3G6J_1,25.09,36.04,282.8,41.46,0.7683,17.78,0.1554,2.011,0.2565,2.377,79,233,903,0.8691,0.04321,0.07725,0.1079
4QTI_1,14.61,9.111,120.3,12.1,0.4608,8.067,0.1352,1.045,0.1371,1.348,40,231,260,0.7533,0.05713,0.1293,0.1017
1G7I_1,9.537,7.657,94.4,9.078,0.3912,5.934,0.1356,0.7653,0.1094,0.8365,40,223,129,0.8435,0.06592,0.1772,0.1308
1V7M_1,16.17,7.567,90.15,9.142,0.3883,6.067,0.1347,0.8083,0.1122,0.8841,39,224,145,0.8278,0.064,0.1666,0.1269
6IUV_1,12.14,8.562,114.8,11.17,0.4356,7.671,0.1341,0.7932,0.1292,1.143,33,239,212,0.7662,0.05679,0.169,0.1131
4I77_1,12.36,7.61,78.72,12.62,0.3763,5.754,0.1394,0.8312,0.105,0.8543,44,232,97,0.603,0.0654,0.1677,0.1229
5VIG_1,12.73,7.477,95.32,8.562,0.3843,5.879,0.1304,0.7413,0.1085,0.8525,32,228,100,0.8733,0.06536,0.1759,0.1273
3GBM_1,19.35,12.81,96.73,9.865,0.425,6.82,0.1301,0.7237,0.1217,1.112,32,231,177,1.298,0.06232,0.1798,0.1094
1IC7_1,14.95,7.859,92.74,9.019,0.3847,6.171,0.1395,0.8019,0.1106,0.8912,42,220,129,0.8714,0.06234,0.174,0.1241
4IRZ_1,16.86,23.42,214.7,26.08,0.6272,13.34,0.1478,1.754,0.2045,2.407,53,230,592,0.8978,0.04703,0.08423,0.08495
6DB5_1,5.597,5.957,60.13,5.743,0.338,4.458,0.1299,0.5901,0.08865,0.5612,36,236,14,1.037,0.07584,0.2201,0.158
5KVG_1,13,7.586,67.5,8.464,0.3715,5.622,0.1394,0.8325,0.1052,0.8053,51,224,107,0.8963,0.06608,0.1674,0.1306
3G6D_1,8.868,7.548,74.02,8.302,0.3873,5.689,0.1322,0.7633,0.1063,0.7518,38,232,106,0.9092,0.06808,0.1732,0.1414
4U6V_1,9.403,10.01,129.8,13.15,0.4673,8.746,0.138,1.094,0.1414,1.475,39,231,272,0.7607,0.05344,0.1261,0.09585
5IBL_1,11.91,10.57,132,14,0.4806,8.947,0.1428,1.191,0.1472,1.509,48,236,298,0.7551,0.05372,0.12,0.09752
5YOY_1,18.36,8.664,95.76,10.35,0.4094,6.692,0.1356,0.8109,0.123,1.029,34,233,154,0.8367,0.06117,0.1673,0.1195
5UOE_1,47.4,27.77,318.3,38.71,0.8931,19.4,0.1444,2.104,0.2632,2.585,34,226,952,0.7175,0.04603,0.06865,0.1018
3TJE_1,21.35,8.554,94.75,9.168,0.3867,6.053,0.1411,0.8162,0.1105,0.822,51,245,100,0.933,0.06389,0.1729,0.1344
1UAC_1,13.85,8.667,88.43,9.383,0.3914,6.001,0.1381,0.7814,0.1114,0.8462,43,220,129,0.9237,0.06522,0.1767,0.1317
6OTC_1,20.01,8.13,96.05,9.343,0.3926,5.899,0.1374,0.7908,0.113,0.915,42,234,122,0.8703,0.06656,0.1737,0.1235
4G6J_1,14.07,7.353,91.58,9.082,0.3948,6.555,0.129,0.7531,0.1182,0.9746,28,228,149,0.8096,0.06023,0.1713,0.1213
5KQV_1,22.63,14.95,216.9,23.53,0.7025,13.94,0.1529,1.891,0.2062,2.649,58,222,592,0.6356,0.05039,0.08083,0.07785
4MHJ_2,19.85,15.35,145.6,21.54,0.5012,9.492,0.1422,1.245,0.1537,1.605,50,232,321,0.7124,0.0528,0.1142,0.0958
2OTU_1,6.705,7.651,64.86,6.495,0.3399,4.452,0.132,0.5924,0.08619,0.5516,33,232,11,1.178,0.07634,0.2229,0.1562
4GXU_1,14.28,10.65,132.2,14.21,0.4727,9.034,0.1396,1.132,0.146,1.262,49,234,325,0.7492,0.05233,0.1233,0.1157
2GSI_2,4.784,5.375,57.7,5.374,0.3409,4.255,0.1268,0.541,0.08858,0.5745,30,231,11,1,0.0801,0.2343,0.1542
4K9E_1,38.01,9.18,113.3,11.65,0.437,7.314,0.1448,1.002,0.1288,1.19,54,229,193,0.788,0.05975,0.1445,0.1082
6E63_1,10.8,8.442,90.53,9.564,0.3995,6.424,0.1426,0.8812,0.1128,0.9523,51,232,128,0.8827,0.06219,0.1619,0.1185
1CZ8_1,10.62,9.842,97.31,10.08,0.3866,5.891,0.1381,0.7764,0.1074,0.8834,42,233,94,0.9768,0.06563,0.1778,0.1215
6BFT_1,13.92,10.23,64.97,10.72,0.3853,5.806,0.1376,0.7991,0.1043,0.8239,43,233,93,0.9543,0.06636,0.1723,0.1266
3MNW_1,6.627,6.099,56.41,6.019,0.3453,4.455,0.1333,0.6404,0.08691,0.5722,38,225,19,1.013,0.07751,0.2082,0.1519
6N81_1,27.5,9.216,134.8,13.35,0.4771,8.833,0.1409,1.153,0.1504,1.475,43,234,306,0.6903,0.05401,0.1222,0.102
1LK3_1,11.26,8.331,89.23,9.4,0.4054,6.469,0.1328,0.7834,0.1121,0.9197,35,227,136,0.8863,0.06267,0.1694,0.1219
4TUK_1,5.472,5.562,55.17,5.607,0.3458,4.291,0.1319,0.58,0.08637,0.5191,40,227,15,0.992,0.0806,0.2274,0.1664
5W2B_1,14.49,6.984,95.11,8.169,0.377,5.705,0.1282,0.6923,0.1052,0.8335,30,233,97,0.8549,0.06607,0.1852,0.1262
5HYS_3,10.5,9.336,105.2,11.5,0.4295,7.56,0.1332,0.9414,0.1287,1.197,34,235,214,0.8121,0.05681,0.1415,0.1075
3R08_1,10.36,6.523,77.47,7.462,0.374,5.578,0.1338,0.6937,0.1012,0.7823,37,225,82,0.8741,0.06705,0.1929,0.1293
6CXG_1,5.156,5.262,67.72,5.44,0.324,4.314,0.1241,0.3637,0.08765,0.5788,21,233,15,0.9672,0.07509,0.3411,0.1514
1FJ1_1,14.25,10.37,114.2,12.99,0.4486,7.907,0.1378,1.065,0.1343,1.233,41,222,251,0.7977,0.05674,0.1293,0.1089
2CK0_1,3.995,4.872,62.24,4.782,0.3319,4.358,0.1254,0.5288,0.08717,0.568,23,234,11,1.019,0.07617,0.2372,0.1535
4U6H_1,12.82,8.748,97.61,10.2,0.417,6.78,0.1383,0.9079,0.1201,1.098,41,233,166,0.8579,0.0615,0.1523,0.1094
6D0X_1,4.638,5.299,58.79,5.291,0.3387,4.221,0.1285,0.5543,0.08918,0.5453,33,233,11,1.002,0.08024,0.2319,0.1635
5X0T_1,11.81,6.542,79.1,7.109,0.3726,5.272,0.1334,0.6564,0.09948,0.7196,35,224,78,0.9203,0.07069,0.2032,0.1382
4GAJ_1,4.359,5.064,60.54,5.178,0.3301,4.126,0.1231,0.4954,0.0879,0.5558,24,229,10,0.9781,0.08,0.2484,0.1582
1NMB_1,44.88,17.26,135.2,16.86,0.5188,10.33,0.1477,1.404,0.165,1.863,60,231,388,1.023,0.05025,0.1053,0.08858
5GGT_1,19.08,8.162,87.76,9.123,0.3852,5.89,0.1375,0.7886,0.1111,0.8887,43,231,116,0.8947,0.06541,0.1743,0.1251
3V7A_1,20.76,19.91,139.8,15.81,0.4968,9.246,0.1417,1.164,0.1476,1.563,46,230,309,1.259,0.05373,0.1217,0.09439
1YY9_1,55.7,16.22,215.4,23.77,0.6442,13.96,0.157,1.86,0.2045,2.41,63,229,613,0.6824,0.04613,0.0844,0.08486
6CEZ_1,5.807,5.583,54.49,5.42,0.3273,3.984,0.1275,0.502,0.08591,0.4883,37,233,14,1.03,0.08216,0.2539,0.1759
2HFG_1,8.491,5.845,66.07,5.751,0.3476,4.473,0.135,0.6066,0.09264,0.5838,40,235,27,1.016,0.07771,0.2225,0.1587
5XWD_1,26.98,18.3,218.2,26.97,0.6257,13.6,0.1446,1.773,0.2108,2.55,43,227,611,0.6785,0.04601,0.08156,0.08266
1A3R_1,6.147,5.743,57.06,5.698,0.3404,4.535,0.1359,0.6609,0.0887,0.5947,43,232,15,1.008,0.07506,0.2057,0.1492
5EII_1,16.5,8.49,90.74,9.959,0.3966,6.369,0.1343,0.8377,0.1122,0.8974,41,234,144,0.8525,0.06227,0.1603,0.125
4L5F_1,17.8,7.432,88.45,8.338,0.3749,5.52,0.1391,0.7481,0.1058,0.7911,39,226,98,0.8914,0.06792,0.1859,0.1338
6BGT_1,18.88,14.49,203.2,26.71,0.618,13.41,0.1362,1.616,0.2103,2.253,30,230,589,0.5426,0.04609,0.08428,0.09332
5TRU_1,19.96,7.497,99.29,8.483,0.3811,5.694,0.1381,0.8005,0.1088,0.8059,48,229,115,0.8838,0.06693,0.1725,0.135
1NBY_1,12.21,7.459,90.28,8.728,0.3904,5.717,0.1296,0.7207,0.1061,0.7583,38,222,129,0.8546,0.06829,0.1798,0.1399
4ETQ_1,14.02,16.77,110.9,12.54,0.4504,7.946,0.1411,1.119,0.1302,1.282,51,227,225,1.337,0.05668,0.1261,0.1016
5OCK_1,5.621,6.114,56.06,5.825,0.34,4.414,0.1325,0.6044,0.08677,0.57,35,230,15,1.05,0.07702,0.2192,0.1522
4G80_1,10.63,9.315,93.23,10.4,0.4144,6.369,0.1413,0.8928,0.115,0.9213,48,234,139,0.8956,0.06506,0.1583,0.1249
2VXQ_1,15.35,7.999,80.84,8.493,0.3846,5.64,0.1381,0.7819,0.1058,0.8154,45,227,92,0.9419,0.06819,0.1767,0.1297
1TQB_1,9.968,7.202,95.26,8.172,0.3768,5.886,0.1326,0.712,0.105,0.7929,35,227,102,0.8814,0.06401,0.1862,0.1325
5TFW_1,18.7,8.554,97.93,9.869,0.4121,6.729,0.134,0.8451,0.1198,1.012,36,241,154,0.8668,0.06124,0.1586,0.1184
1I9R_1,20.03,10.18,94.08,10.77,0.4119,6.254,0.14,0.8642,0.1159,0.9431,51,232,143,0.9447,0.06585,0.162,0.1229
6F7T_1,5.553,5.63,55.2,5.494,0.3397,4.423,0.1323,0.5885,0.08751,0.5509,36,230,12,1.025,0.07681,0.2247,0.1588
5GMQ_1,19.67,10.6,100.4,12.27,0.4392,7.526,0.1404,0.984,0.1282,1.154,50,235,205,0.8639,0.05836,0.1427,0.111
1XGR_1,12.03,16.05,86.23,9.35,0.3893,6.062,0.1364,0.7854,0.1103,0.877,40,222,129,1.716,0.06423,0.1736,0.1258
2ZJS_1,18.27,12.05,174.4,17.34,0.5338,10.82,0.1434,1.326,0.1725,1.858,42,228,415,0.695,0.04933,0.1081,0.09287
4LKX_1,6,6.179,66.48,5.868,0.3344,4.262,0.1317,0.5783,0.0859,0.5051,40,232,14,1.053,0.07846,0.2278,0.1701
3ULU_2,36.64,22.18,223.3,25.62,0.6585,14.82,0.155,1.834,0.2215,2.73,53,231,659,0.8655,0.04445,0.08447,0.08114
6CNJ_1,28.6,17.79,159.6,21.49,0.5191,10.05,0.1489,1.336,0.1557,1.613,58,232,358,0.8278,0.05165,0.1114,0.09654
5LDN_1,41.11,18.2,282.7,28.49,0.7599,18.11,0.1313,1.806,0.256,2.387,25,225,927,0.6387,0.04196,0.07274,0.1072
1HI6_1,4.542,4.905,53.11,4.512,0.3005,3.472,0.1104,0.3383,0.07579,0.4304,25,221,11,1.087,0.08653,0.3263,0.1761
6MTQ_1,23.29,9.746,94.08,11.14,0.4265,6.907,0.1448,0.974,0.119,1.083,58,238,156,0.8745,0.06176,0.1486,0.1098
1F58_1,5.831,6.594,66.57,6.12,0.3548,4.66,0.1322,0.6361,0.08842,0.5799,36,239,10,1.078,0.07614,0.2079,0.1525
4K94_1,29.64,8.759,101.4,10.99,0.428,7.408,0.1427,0.9913,0.1263,1.148,52,226,195,0.797,0.05778,0.1439,0.1099
5U3M_1,8.66,6.927,72.7,6.968,0.368,4.726,0.1373,0.6586,0.09394,0.6388,44,244,25,0.9941,0.07787,0.2085,0.147
5AUM_1,5.948,6.219,59.74,6.044,0.3328,4.352,0.131,0.5666,0.08683,0.5443,36,230,11,1.029,0.07646,0.2311,0.1595
3T3P_1,34.59,13.06,169.9,18.9,0.5564,11.16,0.1455,1.453,0.1768,1.889,53,228,454,0.6913,0.04987,0.1002,0.09361
2OR9_1,14.19,5.043,60.53,4.979,0.3419,4.501,0.1253,0.5084,0.0902,0.5872,24,240,11,1.013,0.07597,0.2464,0.1536
5MES_1,10.65,9.643,96.83,10.49,0.4085,6.533,0.1346,0.8254,0.1139,0.8687,40,231,151,0.919,0.06253,0.1631,0.1311
3V4V_1,20.87,13.91,155.9,18.48,0.5318,10.13,0.1524,1.429,0.1628,1.757,66,235,375,0.7526,0.05247,0.1067,0.09266
6BFQ_1,16.24,6.62,78.16,7.94,0.3744,5.691,0.136,0.7818,0.1039,0.8058,41,224,102,0.8337,0.06578,0.174,0.129
4WHT_1,6.311,6.36,58.17,6.151,0.3335,4.371,0.1313,0.5609,0.08654,0.5577,37,224,12,1.034,0.07629,0.234,0.1552
6AYZ_1,25.58,8.947,89.59,10.27,0.4063,6.527,0.1392,0.8254,0.1123,0.9148,45,226,149,0.8713,0.06225,0.1686,0.1227
1KIQ_1,14.41,7.713,95.19,9.157,0.3825,5.888,0.1329,0.7496,0.1086,0.853,38,223,129,0.8424,0.06497,0.1774,0.1273
5JQ6_1,31.02,11.78,136.5,15.24,0.4895,9.271,0.1414,1.167,0.1506,1.537,45,236,320,0.7729,0.0528,0.1212,0.09796
6EYO_1,10.29,10.85,134.9,14.51,0.4853,9.031,0.1397,1.144,0.1458,1.43,44,232,307,0.7477,0.05374,0.1221,0.102
4LVH_3,21.25,21.18,110.7,14.97,0.4358,7.282,0.1456,1.044,0.126,1.026,69,231,222,1.414,0.05984,0.1394,0.1228
6BFS_1,17.85,6.665,59.03,7.88,0.3792,5.846,0.1351,0.7578,0.1098,0.8499,37,226,112,0.8458,0.06487,0.1783,0.1292
2R56_1,13.34,9.094,94.57,10.59,0.404,6.716,0.1421,0.9333,0.1185,0.9964,51,231,159,0.8587,0.06015,0.1522,0.1189
5XKU_1,11.68,9.385,108.9,11.55,0.4345,7.484,0.1429,1.005,0.1295,1.136,50,235,208,0.8127,0.05805,0.1422,0.1139
3FFD_1,8.666,7.009,63.4,7.061,0.3525,4.618,0.1371,0.6079,0.08729,0.5542,46,236,18,0.9926,0.07634,0.2256,0.1575
5VJO_1,12.87,8.102,90.14,9.248,0.3977,6.086,0.1372,0.8355,0.1077,0.89,40,222,127,0.8761,0.06534,0.1643,0.1211
6GLW_2,7.97,15.97,83.44,9.472,0.4012,6.454,0.1332,0.8521,0.1149,0.925,37,236,139,1.686,0.06216,0.1563,0.1242
1FNS_1,14.75,8.522,102.9,10.82,0.441,7.178,0.1367,0.9153,0.1245,1.114,40,231,196,0.7879,0.06144,0.1494,0.1118
3R1G_1,25.53,12.63,151.3,16.68,0.5185,9.943,0.1491,1.342,0.1565,1.453,66,229,381,0.7568,0.05214,0.1111,0.1077
3A67_1,11.56,7.381,82.5,8.667,0.3945,5.979,0.1355,0.7747,0.1105,0.8562,40,220,129,0.8516,0.06598,0.1749,0.129
4M7L_1,25.5,9.649,115.2,11.61,0.4373,7.443,0.1488,1.064,0.1263,1.109,62,235,194,0.831,0.05874,0.1399,0.1139
4LIQ_1,50.19,19.91,164.4,18.51,0.5574,11.58,0.1425,1.427,0.1777,1.941,43,225,469,1.075,0.04813,0.09984,0.09153
1H0D_1,9.117,7.704,76.67,8.727,0.3837,5.69,0.1309,0.6801,0.1069,0.7238,38,234,122,0.8828,0.06744,0.1925,0.1477
6D11_1,9.385,9.872,70.45,8.741,0.352,4.305,0.1373,0.6663,0.08919,0.5542,51,234,19,1.129,0.08177,0.206,0.161
6H3T_1,15.95,12.28,118.3,14.36,0.4472,7.873,0.1422,1.111,0.1301,1.222,54,231,230,0.8545,0.05679,0.128,0.1065
6O39_1,10.72,8.53,89.58,9.493,0.3824,5.883,0.135,0.7896,0.109,0.8262,43,229,120,0.8986,0.06501,0.1709,0.132
5BO1_1,19.97,7.054,90.72,8.97,0.3884,6.349,0.1349,0.7886,0.1124,0.8436,44,226,150,0.7865,0.06118,0.171,0.1332
5ANM_2,29.75,10.52,104.5,12.47,0.4392,7.151,0.1409,1.039,0.1262,1.178,52,229,208,0.8431,0.06141,0.1356,0.1071
6DB6_1,6.199,6.326,63.73,6.044,0.3432,4.411,0.1316,0.5913,0.08913,0.5443,37,233,14,1.047,0.0778,0.2226,0.1637
6DZZ_1,32.01,20.72,210.3,30.99,0.6036,12.54,0.1503,1.662,0.19,2.087,65,228,540,0.6686,0.04814,0.09041,0.09106
6B5R_1,4.583,5.318,57.87,5.134,0.3228,3.932,0.126,0.4798,0.0844,0.472,34,231,13,1.036,0.08211,0.2625,0.1788
6BDZ_1,19.71,18.24,120.6,22.16,0.5356,10.48,0.1502,1.416,0.1699,1.8,61,227,421,0.823,0.0511,0.106,0.09441
5CSZ_1,5.745,6.02,62.72,5.814,0.3347,4.297,0.1289,0.5604,0.08702,0.5608,34,229,11,1.035,0.0779,0.2299,0.1552
5O1R_1,20.12,8.548,96.84,9.299,0.388,5.846,0.1417,0.8686,0.1076,0.7737,57,232,115,0.9193,0.06636,0.1631,0.139
1NDM_1,13.71,8.841,86.25,9.733,0.3848,5.813,0.1348,0.7435,0.1066,0.7831,45,222,129,0.9084,0.06621,0.1813,0.1361
6MLK_1,25.73,13.9,124.9,15.95,0.4711,8.278,0.1477,1.189,0.1392,1.347,60,234,257,0.8711,0.05691,0.1243,0.1034
1PKQ_1,16.08,9.228,93.22,9.969,0.3985,6.114,0.1412,0.8604,0.1094,0.865,49,234,118,0.9256,0.06519,0.1641,0.1265
3EFD_1,7.276,5.921,68.01,5.966,0.3478,4.593,0.1277,0.5638,0.09466,0.6337,26,232,30,0.9926,0.07572,0.2264,0.1494
1OAZ_1,22.25,9.52,71.54,10.23,0.3841,5.702,0.1378,0.7838,0.1069,0.736,52,228,115,0.9306,0.06736,0.1759,0.1453
6II8_1,18.21,12.56,145.6,16.15,0.4944,9.442,0.1436,1.192,0.1513,1.439,51,238,316,0.7779,0.05236,0.1204,0.1051
3OPZ_2,48.84,24.12,219.8,23.92,0.6811,13.8,0.1521,1.889,0.2066,2.239,61,226,625,1.008,0.04934,0.08052,0.09226
4TQE_1,7.767,6.044,56.9,6.016,0.3408,4.223,0.1306,0.5642,0.08667,0.5075,41,235,16,1.005,0.08072,0.2315,0.1708
5K9Q_1,24.98,16.28,101.4,16.65,0.4245,6.25,0.1472,0.8304,0.1154,0.8163,80,238,168,0.9774,0.06792,0.1773,0.1414
6DDR_1,14.09,8.039,71.93,8.352,0.3761,5.483,0.1371,0.7587,0.1031,0.7819,48,227,94,0.9625,0.0686,0.1808,0.1319
5KAQ_1,19.96,24.33,185.3,22.43,0.5676,11.88,0.1421,1.481,0.1855,1.972,46,241,480,1.085,0.04777,0.09598,0.09407
5V6M_1,6.214,6.363,69.37,6.065,0.3303,4.152,0.1323,0.5517,0.08484,0.4883,41,228,13,1.049,0.07955,0.2398,0.1738
1XGQ_1,11.69,7.581,90.24,8.73,0.3814,5.665,0.1321,0.6892,0.1065,0.7645,42,222,129,0.8683,0.06732,0.1917,0.1393
5LQB_1,15.38,9.072,93.17,10.22,0.3982,6.38,0.1374,0.8228,0.1117,0.9249,45,234,128,0.8878,0.06241,0.167,0.1208
4HFU_1,18.63,11.72,137.9,19.29,0.4904,9.298,0.1438,1.235,0.1499,1.545,55,233,320,0.6073,0.05275,0.1164,0.09701
6N5D_1,36.77,20.25,127.6,13.61,0.4607,8.507,0.1346,1.007,0.1394,1.216,37,230,282,1.488,0.05415,0.1336,0.1146
3OPZ_1,51.97,14.9,212.3,21.93,0.6185,13.19,0.1431,1.543,0.1983,1.772,58,225,625,0.6791,0.04689,0.09276,0.1119
5WI9_1,17.29,21.69,183.2,19.48,0.5409,11.41,0.1407,1.38,0.179,1.946,48,234,425,1.113,0.04742,0.102,0.09201
5V2A_1,34.06,16.55,150,19.44,0.4956,9.314,0.1519,1.314,0.1486,1.424,69,236,317,0.8514,0.0532,0.1156,0.1044
3L5W_1,7.113,6.898,92.61,7.578,0.3693,5.375,0.1241,0.6327,0.1023,0.6923,28,231,101,0.9103,0.0687,0.1961,0.1478
5Y11_1,17.1,9.31,126.8,12.89,0.4648,8.112,0.1314,0.7836,0.1412,1.116,36,234,319,0.722,0.05729,0.1676,0.1266
6N5E_1,34.18,9.908,133.2,13.46,0.4702,8.604,0.1407,1.177,0.1406,1.387,45,230,282,0.7359,0.05464,0.1195,0.1014
4RGM_1,11.97,10.05,121.8,12.52,0.4408,7.88,0.142,1.034,0.13,1.25,50,231,224,0.8024,0.05594,0.1374,0.104
1QGC_1,6.888,6.624,57.53,6.472,0.3476,4.371,0.1309,0.5637,0.08831,0.5414,38,233,24,1.023,0.07952,0.2322,0.1631
1R0A_1,24.22,19.3,171.1,19.26,0.5267,10.8,0.1383,1.193,0.1635,1.404,49,232,429,1.002,0.04875,0.1159,0.1164
1TZI_1,8.737,14.08,68.2,8.501,0.3821,5.336,0.1384,0.7542,0.105,0.798,41,230,97,1.656,0.07161,0.1835,0.1316
5CIN_1,6.337,6.099,52.64,5.994,0.3446,4.532,0.1363,0.666,0.08937,0.5705,42,235,15,1.017,0.07603,0.2046,0.1567
1P2C_1,7.818,6.994,92.22,8.233,0.4006,5.924,0.1284,0.7007,0.1122,0.884,26,225,129,0.8495,0.06762,0.1833,0.1269
4HF5_1,12.88,11.17,138.1,15.05,0.4953,9.287,0.1402,1.117,0.149,1.347,47,243,324,0.7422,0.05333,0.1256,0.1106
5MO9_1,6.618,6.503,67.56,7.37,0.3751,5.744,0.1335,0.747,0.111,0.8061,33,231,102,0.8823,0.06531,0.1787,0.1376
4MXV_1,10.17,7.731,87.6,8.869,0.3883,6.458,0.1331,0.7932,0.1133,0.9071,33,228,137,0.8717,0.06012,0.1678,0.1249
4XAK_1,15.18,9.551,101.7,11.93,0.4329,7.345,0.1386,0.9944,0.1272,1.112,42,235,211,0.8008,0.05894,0.1393,0.1144
5VEB_1,26.29,9.171,94.31,9.721,0.3907,5.791,0.1465,0.9159,0.1035,0.7098,72,229,107,0.9433,0.06746,0.1599,0.1458
4OGY_1,27.58,15.98,116.1,12.3,0.4482,7.849,0.1413,1.066,0.1344,1.279,48,226,239,1.3,0.0571,0.1326,0.1051
4FQK_1,19,13.9,139.7,17.18,0.5074,9.519,0.146,1.336,0.1543,1.551,56,238,337,0.8094,0.0533,0.1093,0.0995
4Z0X_1,5.385,5.376,57.64,5.365,0.3301,4.089,0.1278,0.5,0.08302,0.4922,33,223,12,1.002,0.08074,0.2556,0.1687
4FQI_1,42.99,24.87,104.1,19.14,0.408,6.255,0.1455,0.8141,0.1168,0.8353,74,233,176,1.299,0.06523,0.1787,0.1399
3RKD_1,10.06,8.452,92,9.639,0.4024,6.359,0.139,0.8749,0.1154,0.9414,46,233,146,0.8769,0.06328,0.1588,0.1226
6GK8_1,5.326,6.034,64.26,5.895,0.3453,4.446,0.1291,0.5929,0.08814,0.5804,32,237,13,1.024,0.07767,0.2178,0.1519
4ODX_1,17.4,8.561,97.93,10.21,0.4211,6.694,0.1427,0.9364,0.1191,0.9716,50,236,153,0.8384,0.06291,0.1523,0.1226
5UGY_1,28.52,9.777,136.2,14.04,0.4765,9.225,0.1367,1.122,0.145,1.228,43,236,323,0.6966,0.05165,0.1219,0.1181
1A14_1,30.96,11.41,163.4,16.12,0.5244,10.14,0.1428,1.338,0.1644,1.795,48,224,388,0.7078,0.05172,0.1067,0.09162
6N5B_1,32.62,10.3,113,12.43,0.4412,7.769,0.1411,1.107,0.1276,1.173,49,235,221,0.8289,0.05679,0.1275,0.1088
6CBV_1,10.66,6.797,91.85,7.51,0.3708,5.606,0.1245,0.6593,0.1033,0.7647,28,235,103,0.9051,0.06614,0.1889,0.1351
5UCB_1,9.95,7.026,80.59,8.839,0.3907,6.162,0.1299,0.6976,0.1101,0.7956,40,225,153,0.7949,0.0634,0.1861,0.1384
2YPV_1,14.11,10.83,112,13.16,0.4392,7.777,0.136,0.9832,0.132,1.193,40,228,229,0.8229,0.05647,0.1383,0.1107
6N5E_2,31.65,10.73,132.2,13.53,0.463,8.524,0.138,1.072,0.1401,1.273,42,234,277,0.7928,0.05432,0.1287,0.1101
4ZS6_1,14.05,16.93,111.1,10.84,0.42,6.897,0.1313,0.8224,0.1227,0.9684,38,229,207,1.562,0.0609,0.1597,0.1267
4UU9_1,7.598,6.635,63.06,6.794,0.3419,4.623,0.1266,0.4937,0.09577,0.5851,33,233,66,0.9766,0.07396,0.2564,0.1637
3PGF_1,26.48,11.29,142.5,15.56,0.4991,9.851,0.1401,1.226,0.1581,1.636,46,229,358,0.7255,0.05066,0.1143,0.09666
4LMQ_1,7.874,6.215,77.4,6.697,0.3531,4.897,0.1331,0.6463,0.09463,0.6277,39,230,55,0.9281,0.07211,0.206,0.1508
4TUL_1,3.728,4.402,56.7,8.454,0.3247,4.028,0.1237,0.5001,0.08499,0.486,31,226,11,0.5207,0.08062,0.2474,0.1749
4XMK_1,4.524,5.292,61.22,4.983,0.3237,4.054,0.1188,0.4535,0.08587,0.5002,22,237,11,1.062,0.07984,0.2619,0.1717
5DUP_1,15.43,8.766,102.2,10.72,0.4343,7.209,0.1391,0.947,0.1248,1.075,46,234,195,0.8179,0.06025,0.1469,0.116
6N8D_1,22.1,11.98,145.9,15.39,0.4885,9.125,0.1473,1.185,0.1455,1.323,53,237,306,0.7784,0.05353,0.1243,0.11
3PNW_1,8.891,6.653,71.6,7.042,0.3493,4.795,0.1295,0.5993,0.09411,0.614,39,238,53,0.9447,0.07285,0.2161,0.1533
6D2P_1,13.99,9.158,93.17,10.61,0.3958,6.051,0.1358,0.7149,0.1143,0.7605,53,227,169,0.8634,0.06542,0.1899,0.1503
2J4W_1,11.45,9.62,74.31,9.174,0.3462,4.509,0.1375,0.6525,0.09668,0.5944,46,230,34,1.049,0.07677,0.2107,0.1626
5XMH_1,18.09,10.36,102.8,12.53,0.4401,7.56,0.1385,0.96,0.127,1.049,48,233,208,0.827,0.05822,0.1442,0.1211
6BZU_1,5.34,5.91,61.46,5.832,0.3261,4.062,0.1242,0.5079,0.08487,0.4989,32,231,12,1.013,0.08029,0.2445,0.1701
3U30_1,18.93,8.427,90.37,9.866,0.392,5.816,0.1371,0.7502,0.1085,0.751,54,228,149,0.8542,0.0674,0.1827,0.1445
2ZCH_1,14,9.654,115.8,12.27,0.4394,7.86,0.1382,1.072,0.1344,1.204,46,235,237,0.7869,0.0559,0.129,0.1116
3WLW_1,17.24,15.45,188.2,22.23,0.5792,12.18,0.1434,1.485,0.1894,1.707,50,230,555,0.695,0.04756,0.09655,0.111
5FB8_1,10.44,6.424,75.04,6.756,0.3627,4.831,0.1309,0.5318,0.09739,0.5935,43,235,84,0.9509,0.07508,0.246,0.1641
1IQD_1,14.73,7.469,78.75,8.809,0.3837,5.543,0.1302,0.5829,0.105,0.7014,56,227,156,0.848,0.06922,0.2234,0.1497
5UMN_1,16.1,9.334,126.4,12.1,0.4591,7.946,0.1336,0.8433,0.1371,1.21,35,247,243,0.7714,0.05777,0.1584,0.1132
4YBQ_1,11.25,12.62,165,18.05,0.5313,10.87,0.1376,1.35,0.1716,1.512,41,232,462,0.6993,0.04889,0.1019,0.1135
4HJ0_1,14.01,6.567,63.89,7.152,0.3615,4.904,0.1305,0.5406,0.09847,0.6091,45,230,92,0.9183,0.07372,0.2413,0.1617
3G04_1,37.09,9.401,94.94,11.29,0.414,6.683,0.1393,0.7795,0.1204,0.8646,68,234,228,0.833,0.06196,0.1787,0.1393
6AZZ_1,13.72,9.615,93.55,10.86,0.4131,6.65,0.1407,0.854,0.1156,0.9239,46,232,151,0.8852,0.06212,0.1647,0.1251
4DW2_1,20.09,17.71,110.1,12.31,0.4369,7.475,0.1432,1.023,0.1247,1.005,58,227,221,1.438,0.05845,0.14,0.1241
3G5Y_1,5.232,5.595,56.87,5.426,0.3278,3.929,0.1281,0.4649,0.08247,0.4824,36,225,16,1.031,0.08342,0.2755,0.171
3L5X_1,7.029,6.449,84.42,7.368,0.3582,4.943,0.1202,0.5133,0.0999,0.6352,28,230,101,0.8752,0.07246,0.2341,0.1573
3KR3_1,8.55,5.822,71.44,6.485,0.3566,5.116,0.1337,0.6527,0.09718,0.6689,33,232,60,0.8978,0.0697,0.2049,0.1453
5EU7_1,16.62,8.781,91.49,9.828,0.4041,6.393,0.1328,0.8149,0.1129,0.8317,43,240,144,0.8935,0.0632,0.163,0.1357
4F2M_1,9.48,8.85,87.41,9.988,0.3889,5.96,0.1285,0.6767,0.109,0.7731,36,231,148,0.8861,0.06526,0.1899,0.141
1MVU_1,4.13,4.618,58.17,4.554,0.3208,3.87,0.1213,0.4106,0.08281,0.4781,32,233,13,1.014,0.08289,0.2954,0.1732
2ARJ_1,12.7,8.413,78.61,9.143,0.3833,6.015,0.1327,0.7465,0.106,0.7854,33,227,115,0.9202,0.06372,0.1777,0.1349
4BZ1_1,9.78,8.272,81.3,8.631,0.3699,5.255,0.1346,0.7439,0.1021,0.6878,50,232,96,0.9584,0.07038,0.181,0.1485
5LSP_1,17.03,8.293,113.9,13.82,0.4245,6.99,0.1321,0.7006,0.1234,0.8856,41,230,222,0.6003,0.06073,0.1886,0.1394
3GO1_1,4.959,5.142,56.44,4.876,0.3196,3.846,0.1245,0.4142,0.07924,0.4559,37,232,14,1.055,0.08309,0.3006,0.1738
5F3H_1,11.48,7.499,87.27,8.376,0.3994,5.91,0.1413,0.7925,0.1049,0.7563,45,226,105,0.8953,0.06758,0.1783,0.1387
5BK1_2,41.65,12.81,148.1,17,0.5047,9.493,0.149,1.236,0.1524,1.278,69,229,366,0.7534,0.05316,0.1205,0.1193
1YNT_1,10.6,10.12,103.3,12.44,0.4369,7.146,0.1375,0.894,0.1272,0.8901,58,227,252,0.8129,0.06113,0.1538,0.1429
3NH7_1,14.6,7.104,66.65,7.428,0.3581,4.679,0.1324,0.5077,0.09165,0.5708,55,230,85,0.9564,0.07654,0.2608,0.1606
4JLR_1,8.273,7.342,80.21,8.262,0.3839,5.661,0.1347,0.6889,0.1023,0.7452,38,229,91,0.8886,0.0678,0.1956,0.1373
4P3C_1,6.246,6.745,60.69,6.314,0.3352,4.325,0.13,0.5798,0.08543,0.5121,41,233,13,1.068,0.07749,0.2242,0.1668
4PY8_1,21.28,11.26,101.1,12.25,0.4056,6.266,0.135,0.7805,0.1144,0.8043,50,232,171,0.9197,0.06473,0.1729,0.1422
3RAJ_1,14.98,8.471,102.9,10.95,0.4212,6.727,0.1317,0.6966,0.1221,0.8696,44,226,230,0.7737,0.06261,0.189,0.1404
3UJI_1,6.476,6.52,58.31,6.578,0.3409,4.477,0.1334,0.5936,0.0873,0.5448,36,232,18,0.9911,0.07616,0.2248,0.1602
